scope,split_id,feature_set,model,n_features,rows_test,top25_threshold_train,positive_rate_test,average_precision,roc_auc,f1,precision,recall,balanced_accuracy
strict,1,base_11,baseline_all_negative,11,377,0.081999739786625,0.23872679045092837,0.23872679045092837,0.5,0.0,0.0,0.0,0.5
strict,1,base_11,logistic_balanced,11,377,0.081999739786625,0.23872679045092837,0.5163083857880725,0.7422377080913667,0.5560538116591929,0.46616541353383456,0.6888888888888889,0.7207510646535037
strict,1,base_11,random_forest_balanced,11,377,0.081999739786625,0.23872679045092837,0.608576529481039,0.7817266744096012,0.5405405405405406,0.5263157894736842,0.5555555555555556,0.6993805652342238
strict,1,base_11,extra_trees_balanced,11,377,0.081999739786625,0.23872679045092837,0.5909707478882618,0.7721254355400697,0.48484848484848486,0.4444444444444444,0.5333333333333333,0.662137049941928
strict,2,base_11,baseline_all_negative,11,368,0.0816462571597866,0.2418478260869565,0.2418478260869565,0.5,0.0,0.0,0.0,0.5
strict,2,base_11,logistic_balanced,11,368,0.0816462571597866,0.2418478260869565,0.5093032737047438,0.7358946478192582,0.5070422535211268,0.43548387096774194,0.6067415730337079,0.6779227578430188
strict,2,base_11,random_forest_balanced,11,368,0.0816462571597866,0.2418478260869565,0.6225808116970694,0.8100157061737344,0.5806451612903226,0.5567010309278351,0.6067415730337079,0.7263098546172124
strict,2,base_11,extra_trees_balanced,11,368,0.0816462571597866,0.2418478260869565,0.6096795680858017,0.8037131005597841,0.5714285714285714,0.5087719298245614,0.651685393258427,0.7254842736901455
strict,3,base_11,baseline_all_negative,11,377,0.08086093914398546,0.2493368700265252,0.2493368700265252,0.5,0.0,0.0,0.0,0.5
strict,3,base_11,logistic_balanced,11,377,0.08086093914398546,0.2493368700265252,0.5535982243213573,0.7873844071874295,0.5363636363636364,0.46825396825396826,0.6276595744680851,0.6954552289301557
strict,3,base_11,random_forest_balanced,11,377,0.08086093914398546,0.2493368700265252,0.6003368951038607,0.8074392902789265,0.5957446808510638,0.5957446808510638,0.5957446808510638,0.7307345312382527
strict,3,base_11,extra_trees_balanced,11,377,0.08086093914398546,0.2493368700265252,0.5739898888908956,0.7929478986542364,0.5296803652968036,0.464,0.6170212765957447,0.6901360799939854
strict,4,base_11,baseline_all_negative,11,373,0.08965532467628037,0.20911528150134048,0.20911528150134048,0.5,0.0,0.0,0.0,0.5
strict,4,base_11,logistic_balanced,11,373,0.08965532467628037,0.20911528150134048,0.5242594919423038,0.788483268144285,0.5142857142857142,0.4090909090909091,0.6923076923076923,0.7139504563233376
strict,4,base_11,random_forest_balanced,11,373,0.08965532467628037,0.20911528150134048,0.5851565387001152,0.8230551933941765,0.573170731707317,0.5465116279069767,0.6025641025641025,0.735180356366797
strict,4,base_11,extra_trees_balanced,11,373,0.08965532467628037,0.20911528150134048,0.5754527131307632,0.8033246414602347,0.49746192893401014,0.4117647058823529,0.6282051282051282,0.6954584963059539
strict,5,base_11,baseline_all_negative,11,370,0.083669936526255,0.23513513513513515,0.23513513513513515,0.5,0.0,0.0,0.0,0.5
strict,5,base_11,logistic_balanced,11,370,0.083669936526255,0.23513513513513515,0.5376817129955933,0.7791722513301653,0.5169491525423728,0.40939597315436244,0.7011494252873564,0.6950976808415581
strict,5,base_11,random_forest_balanced,11,370,0.083669936526255,0.23513513513513515,0.6383516890386163,0.8316274724828399,0.5951219512195122,0.5169491525423728,0.7011494252873564,0.7498679988627595
strict,5,base_11,extra_trees_balanced,11,370,0.083669936526255,0.23513513513513515,0.6343263581866408,0.8138174728889972,0.5560538116591929,0.45588235294117646,0.7126436781609196,0.7255797896104952
strict,1,base_11_plus_demographics,baseline_all_negative,17,377,0.081999739786625,0.23872679045092837,0.23872679045092837,0.5,0.0,0.0,0.0,0.5
strict,1,base_11_plus_demographics,logistic_balanced,17,377,0.081999739786625,0.23872679045092837,0.5461745246639352,0.7613240418118467,0.5333333333333333,0.4444444444444444,0.6666666666666666,0.70267131242741
strict,1,base_11_plus_demographics,random_forest_balanced,17,377,0.081999739786625,0.23872679045092837,0.6141270947374834,0.7950445218737902,0.5586592178770949,0.5617977528089888,0.5555555555555556,0.7098335269066977
strict,1,base_11_plus_demographics,extra_trees_balanced,17,377,0.081999739786625,0.23872679045092837,0.5915757351658453,0.7801780874951607,0.5076142131979695,0.4672897196261682,0.5555555555555556,0.678474641889276
strict,2,base_11_plus_demographics,baseline_all_negative,17,368,0.0816462571597866,0.2418478260869565,0.2418478260869565,0.5,0.0,0.0,0.0,0.5
strict,2,base_11_plus_demographics,logistic_balanced,17,368,0.0816462571597866,0.2418478260869565,0.5259557351501681,0.7504731988240506,0.5507246376811594,0.4830508474576271,0.6404494382022472,0.710905722685353
strict,2,base_11_plus_demographics,random_forest_balanced,17,368,0.0816462571597866,0.2418478260869565,0.6139044429920226,0.8058676654182273,0.5698324022346368,0.5666666666666667,0.5730337078651685,0.7166243808143047
strict,2,base_11_plus_demographics,extra_trees_balanced,17,368,0.0816462571597866,0.2418478260869565,0.6147791939075709,0.810378156336837,0.5846153846153846,0.5377358490566038,0.6404494382022472,0.732411099029439
strict,3,base_11_plus_demographics,baseline_all_negative,17,377,0.08086093914398546,0.2493368700265252,0.2493368700265252,0.5,0.0,0.0,0.0,0.5
strict,3,base_11_plus_demographics,logistic_balanced,17,377,0.08086093914398546,0.2493368700265252,0.5611158366962423,0.7953161416434854,0.5739910313901345,0.49612403100775193,0.6808510638297872,0.7255845425156003
strict,3,base_11_plus_demographics,random_forest_balanced,17,377,0.08086093914398546,0.2493368700265252,0.6314221220076491,0.8250695436433352,0.6210526315789474,0.6145833333333334,0.6276595744680851,0.7484587624990602
strict,3,base_11_plus_demographics,extra_trees_balanced,17,377,0.08086093914398546,0.2493368700265252,0.5929880612072607,0.8108036989700023,0.6,0.5431034482758621,0.6702127659574468,0.741466807006992
strict,4,base_11_plus_demographics,baseline_all_negative,17,373,0.08965532467628037,0.20911528150134048,0.20911528150134048,0.5,0.0,0.0,0.0,0.5
strict,4,base_11_plus_demographics,logistic_balanced,17,373,0.08965532467628037,0.20911528150134048,0.5562992643970983,0.8086918730986528,0.5603864734299517,0.4496124031007752,0.7435897435897436,0.7514558887440244
strict,4,base_11_plus_demographics,random_forest_balanced,17,373,0.08965532467628037,0.20911528150134048,0.5806174904005983,0.8294654498044328,0.5882352941176471,0.5434782608695652,0.6410256410256411,0.7493263798348544
strict,4,base_11_plus_demographics,extra_trees_balanced,17,373,0.08965532467628037,0.20911528150134048,0.5871093246663203,0.8140373750543243,0.53,0.4344262295081967,0.6794871794871795,0.7227944372012169
strict,5,base_11_plus_demographics,baseline_all_negative,17,370,0.083669936526255,0.23513513513513515,0.23513513513513515,0.5,0.0,0.0,0.0,0.5
strict,5,base_11_plus_demographics,logistic_balanced,17,370,0.083669936526255,0.23513513513513515,0.5648903415446515,0.7979773364201292,0.5603448275862069,0.4482758620689655,0.7471264367816092,0.7322204622070589
strict,5,base_11_plus_demographics,random_forest_balanced,17,370,0.083669936526255,0.23513513513513515,0.6660885461320705,0.8480362292352056,0.5989847715736041,0.5363636363636364,0.6781609195402298,0.7489744527029771
strict,5,base_11_plus_demographics,extra_trees_balanced,17,370,0.083669936526255,0.23513513513513515,0.6451337388728557,0.8276877462328907,0.5779816513761468,0.48091603053435117,0.7241379310344828,0.7419276227610576
strict,1,base_11_plus_repollution_core,baseline_all_negative,13,377,0.081999739786625,0.23872679045092837,0.23872679045092837,0.5,0.0,0.0,0.0,0.5
strict,1,base_11_plus_repollution_core,logistic_balanced,13,377,0.081999739786625,0.23872679045092837,0.784430779169339,0.8954316686024003,0.7373737373737373,0.6759259259259259,0.8111111111111111,0.844579945799458
strict,1,base_11_plus_repollution_core,random_forest_balanced,13,377,0.081999739786625,0.23872679045092837,0.7559489299000145,0.8842044134727062,0.7142857142857143,0.7065217391304348,0.7222222222222222,0.8140727835849787
strict,1,base_11_plus_repollution_core,extra_trees_balanced,13,377,0.081999739786625,0.23872679045092837,0.6639923481196558,0.8356562137049942,0.592964824120603,0.5412844036697247,0.6555555555555556,0.7406697638404955
strict,2,base_11_plus_repollution_core,baseline_all_negative,13,368,0.0816462571597866,0.2418478260869565,0.2418478260869565,0.5,0.0,0.0,0.0,0.5
strict,2,base_11_plus_repollution_core,logistic_balanced,13,368,0.0816462571597866,0.2418478260869565,0.8041572951746087,0.8602553260037855,0.6834170854271356,0.6181818181818182,0.7640449438202247,0.8067536547058113
strict,2,base_11_plus_repollution_core,random_forest_balanced,13,368,0.0816462571597866,0.2418478260869565,0.7661338413518506,0.8817405662276993,0.6989247311827957,0.6701030927835051,0.7303370786516854,0.8078208690749467
strict,2,base_11_plus_repollution_core,extra_trees_balanced,13,368,0.0816462571597866,0.2418478260869565,0.7040456308080845,0.8520599250936329,0.6458333333333334,0.6019417475728155,0.6966292134831461,0.7748379042326125
strict,3,base_11_plus_repollution_core,baseline_all_negative,13,377,0.08086093914398546,0.2493368700265252,0.2493368700265252,0.5,0.0,0.0,0.0,0.5
strict,3,base_11_plus_repollution_core,logistic_balanced,13,377,0.08086093914398546,0.2493368700265252,0.813384010436761,0.9107585895797309,0.746268656716418,0.7009345794392523,0.7978723404255319,0.8423990677392676
strict,3,base_11_plus_repollution_core,random_forest_balanced,13,377,0.08086093914398546,0.2493368700265252,0.7812131846810829,0.9098376061950231,0.7450980392156863,0.6909090909090909,0.8085106382978723,0.8441846477708443
strict,3,base_11_plus_repollution_core,extra_trees_balanced,13,377,0.08086093914398546,0.2493368700265252,0.668619162501211,0.8478309901511165,0.6060606060606061,0.5769230769230769,0.6382978723404256,0.7414104202691527
strict,4,base_11_plus_repollution_core,baseline_all_negative,13,373,0.08965532467628037,0.20911528150134048,0.20911528150134048,0.5,0.0,0.0,0.0,0.5
strict,4,base_11_plus_repollution_core,logistic_balanced,13,373,0.08965532467628037,0.20911528150134048,0.7795567388354023,0.8760104302477184,0.6702702702702703,0.5794392523364486,0.7948717948717948,0.8211647109952194
strict,4,base_11_plus_repollution_core,random_forest_balanced,13,373,0.08965532467628037,0.20911528150134048,0.7063015175696197,0.8863102998696218,0.6514285714285715,0.5876288659793815,0.7307692307692307,0.7975880052151239
strict,4,base_11_plus_repollution_core,extra_trees_balanced,13,373,0.08965532467628037,0.20911528150134048,0.6470885608438638,0.8554758800521511,0.6263736263736264,0.5480769230769231,0.7307692307692307,0.7857235984354628
strict,5,base_11_plus_repollution_core,baseline_all_negative,13,370,0.083669936526255,0.23513513513513515,0.23513513513513515,0.5,0.0,0.0,0.0,0.5
strict,5,base_11_plus_repollution_core,logistic_balanced,13,370,0.083669936526255,0.23513513513513515,0.8058965021684322,0.909264449047561,0.7411167512690355,0.6636363636363637,0.8390804597701149,0.8541692051500751
strict,5,base_11_plus_repollution_core,random_forest_balanced,13,370,0.083669936526255,0.23513513513513515,0.771380302234394,0.9041671743633484,0.7272727272727273,0.68,0.7816091954022989,0.8342674952276512
strict,5,base_11_plus_repollution_core,extra_trees_balanced,13,370,0.083669936526255,0.23513513513513515,0.7250296336756923,0.8709841192477967,0.6540284360189573,0.5564516129032258,0.7931034482758621,0.7993785792616059
strict,1,base_11_plus_size,baseline_all_negative,13,377,0.081999739786625,0.23872679045092837,0.23872679045092837,0.5,0.0,0.0,0.0,0.5
strict,1,base_11_plus_size,logistic_balanced,13,377,0.081999739786625,0.23872679045092837,0.5409191996482676,0.7629113433991482,0.5545454545454546,0.46923076923076923,0.6777777777777778,0.7186798296554394
strict,1,base_11_plus_size,random_forest_balanced,13,377,0.081999739786625,0.23872679045092837,0.6017227940470344,0.8123499806426636,0.5777777777777777,0.5777777777777777,0.5777777777777777,0.7226867982965544
strict,1,base_11_plus_size,extra_trees_balanced,13,377,0.081999739786625,0.23872679045092837,0.590675562143185,0.7771970576848627,0.5074626865671642,0.4594594594594595,0.5666666666666667,0.6788037166085947
strict,2,base_11_plus_size,baseline_all_negative,13,368,0.0816462571597866,0.2418478260869565,0.2418478260869565,0.5,0.0,0.0,0.0,0.5
strict,2,base_11_plus_size,logistic_balanced,13,368,0.0816462571597866,0.2418478260869565,0.5535002414756843,0.7639241270991906,0.5116279069767442,0.4365079365079365,0.6179775280898876,0.6817486206757681
strict,2,base_11_plus_size,random_forest_balanced,13,368,0.0816462571597866,0.2418478260869565,0.6617300868081917,0.8468648060891628,0.6344086021505376,0.6082474226804123,0.6629213483146067,0.7633603157343642
strict,2,base_11_plus_size,extra_trees_balanced,13,368,0.0816462571597866,0.2418478260869565,0.6143163431725893,0.8112238733840764,0.5757575757575758,0.5229357798165137,0.6404494382022472,0.7270347549434175
strict,3,base_11_plus_size,baseline_all_negative,13,377,0.08086093914398546,0.2493368700265252,0.2493368700265252,0.5,0.0,0.0,0.0,0.5
strict,3,base_11_plus_size,logistic_balanced,13,377,0.08086093914398546,0.2493368700265252,0.548617526968761,0.7906172468235471,0.5541125541125541,0.46715328467153283,0.6808510638297872,0.7114502668972258
strict,3,base_11_plus_size,random_forest_balanced,13,377,0.08086093914398546,0.2493368700265252,0.6348943065032798,0.8232839636117585,0.5771144278606966,0.5420560747663551,0.6170212765957447,0.7219382001353282
strict,3,base_11_plus_size,extra_trees_balanced,13,377,0.08086093914398546,0.2493368700265252,0.5897774015731291,0.7965190587173897,0.5488372093023256,0.48760330578512395,0.6276595744680851,0.7042891511916397
strict,4,base_11_plus_size,baseline_all_negative,13,373,0.08965532467628037,0.20911528150134048,0.20911528150134048,0.5,0.0,0.0,0.0,0.5
strict,4,base_11_plus_size,logistic_balanced,13,373,0.08965532467628037,0.20911528150134048,0.5456693251641207,0.795567144719687,0.5288461538461539,0.4230769230769231,0.7051282051282052,0.7254454584963059
strict,4,base_11_plus_size,random_forest_balanced,13,373,0.08965532467628037,0.20911528150134048,0.6060893549084083,0.8228596262494567,0.5569620253164557,0.55,0.5641025641025641,0.7210343328987396
strict,4,base_11_plus_size,extra_trees_balanced,13,373,0.08965532467628037,0.20911528150134048,0.5804840583785257,0.8035202086049544,0.5230769230769231,0.4358974358974359,0.6538461538461539,0.7150586701434158
strict,5,base_11_plus_size,baseline_all_negative,13,370,0.083669936526255,0.23513513513513515,0.23513513513513515,0.5,0.0,0.0,0.0,0.5
strict,5,base_11_plus_size,logistic_balanced,13,370,0.083669936526255,0.23513513513513515,0.5426346792199933,0.7952560822062467,0.5367965367965368,0.4305555555555556,0.7126436781609196,0.7114455139921205
strict,5,base_11_plus_size,random_forest_balanced,13,370,0.083669936526255,0.23513513513513515,0.6614448235807847,0.855671987327891,0.5918367346938775,0.5321100917431193,0.6666666666666666,0.7432273262661955
strict,5,base_11_plus_size,extra_trees_balanced,13,370,0.083669936526255,0.23513513513513515,0.6346156364436439,0.8228138580886236,0.5871559633027523,0.48854961832061067,0.735632183908046,0.7494415336501361
strict,1,base_11_plus_all_repollution_specific,baseline_all_negative,15,377,0.081999739786625,0.23872679045092837,0.23872679045092837,0.5,0.0,0.0,0.0,0.5
strict,1,base_11_plus_all_repollution_specific,logistic_balanced,15,377,0.081999739786625,0.23872679045092837,0.7938264857787114,0.8991482771970577,0.7411167512690355,0.6822429906542056,0.8111111111111111,0.8463221060782036
strict,1,base_11_plus_all_repollution_specific,random_forest_balanced,15,377,0.081999739786625,0.23872679045092837,0.7355287546229434,0.8849399922570654,0.6777777777777778,0.6777777777777778,0.6777777777777778,0.7883662408052652
strict,1,base_11_plus_all_repollution_specific,extra_trees_balanced,15,377,0.081999739786625,0.23872679045092837,0.6683427174757778,0.8413666279519938,0.6,0.57,0.6333333333333333,0.741753774680604
strict,2,base_11_plus_all_repollution_specific,baseline_all_negative,15,368,0.0816462571597866,0.2418478260869565,0.2418478260869565,0.5,0.0,0.0,0.0,0.5
strict,2,base_11_plus_all_repollution_specific,logistic_balanced,15,368,0.0816462571597866,0.2418478260869565,0.8063934866867897,0.8580403527848254,0.6732673267326733,0.6017699115044248,0.7640449438202247,0.8013773106197898
strict,2,base_11_plus_all_repollution_specific,random_forest_balanced,15,368,0.0816462571597866,0.2418478260869565,0.7574692528297634,0.8871370464338931,0.6994535519125683,0.6808510638297872,0.7191011235955056,0.8057871209375378
strict,2,base_11_plus_all_repollution_specific,extra_trees_balanced,15,368,0.0816462571597866,0.2418478260869565,0.705851269991285,0.857416133059482,0.6428571428571429,0.5887850467289719,0.7078651685393258,0.7750795376746809
strict,3,base_11_plus_all_repollution_specific,baseline_all_negative,15,377,0.08086093914398546,0.2493368700265252,0.2493368700265252,0.5,0.0,0.0,0.0,0.5
strict,3,base_11_plus_all_repollution_specific,logistic_balanced,15,377,0.08086093914398546,0.2493368700265252,0.8079246718835194,0.909142169761672,0.746268656716418,0.7009345794392523,0.7978723404255319,0.8423990677392676
strict,3,base_11_plus_all_repollution_specific,random_forest_balanced,15,377,0.08086093914398546,0.2493368700265252,0.773800284357157,0.9063040372904292,0.7352941176470589,0.6818181818181818,0.7978723404255319,0.8370987143823773
strict,3,base_11_plus_all_repollution_specific,extra_trees_balanced,15,377,0.08086093914398546,0.2493368700265252,0.6709356284247602,0.8570032328396361,0.6331658291457286,0.6,0.6702127659574468,0.760901435982257
strict,4,base_11_plus_all_repollution_specific,baseline_all_negative,15,373,0.08965532467628037,0.20911528150134048,0.20911528150134048,0.5,0.0,0.0,0.0,0.5
strict,4,base_11_plus_all_repollution_specific,logistic_balanced,15,373,0.08965532467628037,0.20911528150134048,0.7773426493018714,0.8783137766188613,0.6737967914438503,0.5779816513761468,0.8076923076923077,0.8258800521512386
strict,4,base_11_plus_all_repollution_specific,random_forest_balanced,15,373,0.08965532467628037,0.20911528150134048,0.7002538699105595,0.8790743155149935,0.625,0.5612244897959183,0.7051282051282052,0.7796827466318992
strict,4,base_11_plus_all_repollution_specific,extra_trees_balanced,15,373,0.08965532467628037,0.20911528150134048,0.6478141331795227,0.8548239895697523,0.6054054054054054,0.5233644859813084,0.717948717948718,0.7725336810082573
strict,5,base_11_plus_all_repollution_specific,baseline_all_negative,15,370,0.083669936526255,0.23513513513513515,0.23513513513513515,0.5,0.0,0.0,0.0,0.5
strict,5,base_11_plus_all_repollution_specific,logistic_balanced,15,370,0.083669936526255,0.23513513513513515,0.81168145990437,0.9100767637382722,0.7564766839378239,0.6886792452830188,0.8390804597701149,0.8612363429592624
strict,5,base_11_plus_all_repollution_specific,random_forest_balanced,15,370,0.083669936526255,0.23513513513513515,0.7596986566046237,0.900775760529629,0.7213114754098361,0.6875,0.7586206896551724,0.8263068112586816
strict,5,base_11_plus_all_repollution_specific,extra_trees_balanced,15,370,0.083669936526255,0.23513513513513515,0.7273225601071246,0.8737866049307502,0.6261682242990654,0.5275590551181102,0.7701149425287356,0.7790504041265587
strict,1,full_base_demo_repollution,baseline_all_negative,21,377,0.081999739786625,0.23872679045092837,0.23872679045092837,0.5,0.0,0.0,0.0,0.5
strict,1,full_base_demo_repollution,logistic_balanced,21,377,0.081999739786625,0.23872679045092837,0.7952816713749165,0.8984901277584204,0.7446808510638298,0.7142857142857143,0.7777777777777778,0.8401084010840109
strict,1,full_base_demo_repollution,random_forest_balanced,21,377,0.081999739786625,0.23872679045092837,0.7313437300199701,0.8859852884243128,0.6390532544378699,0.6835443037974683,0.6,0.756445993031359
strict,1,full_base_demo_repollution,extra_trees_balanced,21,377,0.081999739786625,0.23872679045092837,0.656594806732098,0.8372822299651569,0.6276595744680851,0.6020408163265306,0.6555555555555556,0.7598335269066976
strict,2,full_base_demo_repollution,baseline_all_negative,21,368,0.0816462571597866,0.2418478260869565,0.2418478260869565,0.5,0.0,0.0,0.0,0.5
strict,2,full_base_demo_repollution,logistic_balanced,21,368,0.0816462571597866,0.2418478260869565,0.8105026397035427,0.8619467600982642,0.7120418848167539,0.6666666666666666,0.7640449438202247,0.8210905722685353
strict,2,full_base_demo_repollution,random_forest_balanced,21,368,0.0816462571597866,0.2418478260869565,0.7484365363649738,0.8802102210945995,0.6961325966850829,0.6847826086956522,0.7078651685393258,0.8019612581047884
strict,2,full_base_demo_repollution,extra_trees_balanced,21,368,0.0816462571597866,0.2418478260869565,0.7014232916867136,0.8512343441665658,0.6421052631578947,0.6039603960396039,0.6853932584269663,0.7710120413998631
strict,3,full_base_demo_repollution,baseline_all_negative,21,377,0.08086093914398546,0.2493368700265252,0.2493368700265252,0.5,0.0,0.0,0.0,0.5
strict,3,full_base_demo_repollution,logistic_balanced,21,377,0.08086093914398546,0.2493368700265252,0.8012225494899796,0.9066987444553041,0.7414634146341463,0.6846846846846847,0.8085106382978723,0.8424178633185475
strict,3,full_base_demo_repollution,random_forest_balanced,21,377,0.08086093914398546,0.2493368700265252,0.7698604324241201,0.905176302533644,0.7171717171717171,0.6826923076923077,0.7553191489361702,0.81935568754229
strict,3,full_base_demo_repollution,extra_trees_balanced,21,377,0.08086093914398546,0.2493368700265252,0.6728661886332123,0.8554244041801369,0.6666666666666666,0.6181818181818182,0.723404255319149,0.787497180663108
strict,4,full_base_demo_repollution,baseline_all_negative,21,373,0.08965532467628037,0.20911528150134048,0.20911528150134048,0.5,0.0,0.0,0.0,0.5
strict,4,full_base_demo_repollution,logistic_balanced,21,373,0.08965532467628037,0.20911528150134048,0.7862763971236271,0.8798348544111256,0.6702702702702703,0.5794392523364486,0.7948717948717948,0.8211647109952194
strict,4,full_base_demo_repollution,random_forest_balanced,21,373,0.08965532467628037,0.20911528150134048,0.6988326763165353,0.8806388526727509,0.6242774566473989,0.5684210526315789,0.6923076923076923,0.7766623207301173
strict,4,full_base_demo_repollution,extra_trees_balanced,21,373,0.08965532467628037,0.20911528150134048,0.6439995929377572,0.8524989135158626,0.6333333333333333,0.5588235294117647,0.7307692307692307,0.7891134289439374
strict,5,full_base_demo_repollution,baseline_all_negative,21,370,0.083669936526255,0.23513513513513515,0.23513513513513515,0.5,0.0,0.0,0.0,0.5
strict,5,full_base_demo_repollution,logistic_balanced,21,370,0.083669936526255,0.23513513513513515,0.8117505725925884,0.9127574022176191,0.7604166666666666,0.6952380952380952,0.8390804597701149,0.8630031274115593
strict,5,full_base_demo_repollution,random_forest_balanced,21,370,0.083669936526255,0.23513513513513515,0.7485570276013142,0.9009788392023069,0.711864406779661,0.7,0.7241379310344828,0.8143657853052273
strict,5,full_base_demo_repollution,extra_trees_balanced,21,370,0.083669936526255,0.23513513513513515,0.7303198115475971,0.880711587669063,0.6699029126213593,0.5798319327731093,0.7931034482758621,0.8082125015230901
strict,1,full_minus_demographics,baseline_all_negative,15,377,0.081999739786625,0.23872679045092837,0.23872679045092837,0.5,0.0,0.0,0.0,0.5
strict,1,full_minus_demographics,logistic_balanced,15,377,0.081999739786625,0.23872679045092837,0.7938264857787114,0.8991482771970577,0.7411167512690355,0.6822429906542056,0.8111111111111111,0.8463221060782036
strict,1,full_minus_demographics,random_forest_balanced,15,377,0.081999739786625,0.23872679045092837,0.7355287546229434,0.8849399922570654,0.6777777777777778,0.6777777777777778,0.6777777777777778,0.7883662408052652
strict,1,full_minus_demographics,extra_trees_balanced,15,377,0.081999739786625,0.23872679045092837,0.6683427174757778,0.8413666279519938,0.6,0.57,0.6333333333333333,0.741753774680604
strict,2,full_minus_demographics,baseline_all_negative,15,368,0.0816462571597866,0.2418478260869565,0.2418478260869565,0.5,0.0,0.0,0.0,0.5
strict,2,full_minus_demographics,logistic_balanced,15,368,0.0816462571597866,0.2418478260869565,0.8063934866867897,0.8580403527848254,0.6732673267326733,0.6017699115044248,0.7640449438202247,0.8013773106197898
strict,2,full_minus_demographics,random_forest_balanced,15,368,0.0816462571597866,0.2418478260869565,0.7574692528297634,0.8871370464338931,0.6994535519125683,0.6808510638297872,0.7191011235955056,0.8057871209375378
strict,2,full_minus_demographics,extra_trees_balanced,15,368,0.0816462571597866,0.2418478260869565,0.705851269991285,0.857416133059482,0.6428571428571429,0.5887850467289719,0.7078651685393258,0.7750795376746809
strict,3,full_minus_demographics,baseline_all_negative,15,377,0.08086093914398546,0.2493368700265252,0.2493368700265252,0.5,0.0,0.0,0.0,0.5
strict,3,full_minus_demographics,logistic_balanced,15,377,0.08086093914398546,0.2493368700265252,0.8079246718835194,0.909142169761672,0.746268656716418,0.7009345794392523,0.7978723404255319,0.8423990677392676
strict,3,full_minus_demographics,random_forest_balanced,15,377,0.08086093914398546,0.2493368700265252,0.773800284357157,0.9063040372904292,0.7352941176470589,0.6818181818181818,0.7978723404255319,0.8370987143823773
strict,3,full_minus_demographics,extra_trees_balanced,15,377,0.08086093914398546,0.2493368700265252,0.6709356284247602,0.8570032328396361,0.6331658291457286,0.6,0.6702127659574468,0.760901435982257
strict,4,full_minus_demographics,baseline_all_negative,15,373,0.08965532467628037,0.20911528150134048,0.20911528150134048,0.5,0.0,0.0,0.0,0.5
strict,4,full_minus_demographics,logistic_balanced,15,373,0.08965532467628037,0.20911528150134048,0.7773426493018714,0.8783137766188613,0.6737967914438503,0.5779816513761468,0.8076923076923077,0.8258800521512386
strict,4,full_minus_demographics,random_forest_balanced,15,373,0.08965532467628037,0.20911528150134048,0.7002538699105595,0.8790743155149935,0.625,0.5612244897959183,0.7051282051282052,0.7796827466318992
strict,4,full_minus_demographics,extra_trees_balanced,15,373,0.08965532467628037,0.20911528150134048,0.6478141331795227,0.8548239895697523,0.6054054054054054,0.5233644859813084,0.717948717948718,0.7725336810082573
strict,5,full_minus_demographics,baseline_all_negative,15,370,0.083669936526255,0.23513513513513515,0.23513513513513515,0.5,0.0,0.0,0.0,0.5
strict,5,full_minus_demographics,logistic_balanced,15,370,0.083669936526255,0.23513513513513515,0.81168145990437,0.9100767637382722,0.7564766839378239,0.6886792452830188,0.8390804597701149,0.8612363429592624
strict,5,full_minus_demographics,random_forest_balanced,15,370,0.083669936526255,0.23513513513513515,0.7596986566046237,0.900775760529629,0.7213114754098361,0.6875,0.7586206896551724,0.8263068112586816
strict,5,full_minus_demographics,extra_trees_balanced,15,370,0.083669936526255,0.23513513513513515,0.7273225601071246,0.8737866049307502,0.6261682242990654,0.5275590551181102,0.7701149425287356,0.7790504041265587
strict,1,full_minus_repollution_core,baseline_all_negative,19,377,0.081999739786625,0.23872679045092837,0.23872679045092837,0.5,0.0,0.0,0.0,0.5
strict,1,full_minus_repollution_core,logistic_balanced,19,377,0.081999739786625,0.23872679045092837,0.5713437238351786,0.7750290360046458,0.5429864253393665,0.4580152671755725,0.6666666666666666,0.7096399535423925
strict,1,full_minus_repollution_core,random_forest_balanced,19,377,0.081999739786625,0.23872679045092837,0.6072535877757561,0.8170538133952768,0.5568181818181818,0.5697674418604651,0.5444444444444444,0.7077622919086333
strict,1,full_minus_repollution_core,extra_trees_balanced,19,377,0.081999739786625,0.23872679045092837,0.5866889547655864,0.7855400696864112,0.5,0.46226415094339623,0.5444444444444444,0.6729190863337204
strict,2,full_minus_repollution_core,baseline_all_negative,19,368,0.0816462571597866,0.2418478260869565,0.2418478260869565,0.5,0.0,0.0,0.0,0.5
strict,2,full_minus_repollution_core,logistic_balanced,19,368,0.0816462571597866,0.2418478260869565,0.5625784512154901,0.7785429503443276,0.5576923076923077,0.48739495798319327,0.651685393258427,0.7165237002134429
strict,2,full_minus_repollution_core,random_forest_balanced,19,368,0.0816462571597866,0.2418478260869565,0.6406982197259932,0.8391325359429744,0.632183908045977,0.6470588235294118,0.6179775280898876,0.7552253231847288
strict,2,full_minus_repollution_core,extra_trees_balanced,19,368,0.0816462571597866,0.2418478260869565,0.6125677181350722,0.8139825218476904,0.6031746031746031,0.57,0.6404494382022472,0.743163787201482
strict,3,full_minus_repollution_core,baseline_all_negative,19,377,0.08086093914398546,0.2493368700265252,0.2493368700265252,0.5,0.0,0.0,0.0,0.5
strict,3,full_minus_repollution_core,logistic_balanced,19,377,0.08086093914398546,0.2493368700265252,0.5578436810649048,0.7940004510939027,0.5617021276595745,0.46808510638297873,0.7021276595744681,0.7185549958649726
strict,3,full_minus_repollution_core,random_forest_balanced,19,377,0.08086093914398546,0.2493368700265252,0.6493785424604593,0.8355198857228779,0.6185567010309279,0.6,0.6382978723404256,0.74847755807834
strict,3,full_minus_repollution_core,extra_trees_balanced,19,377,0.08086093914398546,0.2493368700265252,0.6041466744065087,0.8185286820539809,0.5971563981042654,0.5384615384615384,0.6702127659574468,0.7397000225546951
strict,4,full_minus_repollution_core,baseline_all_negative,19,373,0.08965532467628037,0.20911528150134048,0.20911528150134048,0.5,0.0,0.0,0.0,0.5
strict,4,full_minus_repollution_core,logistic_balanced,19,373,0.08965532467628037,0.20911528150134048,0.5691960864352028,0.8132551064754454,0.5603864734299517,0.4496124031007752,0.7435897435897436,0.7514558887440244
strict,4,full_minus_repollution_core,random_forest_balanced,19,373,0.08965532467628037,0.20911528150134048,0.6028798948351289,0.8357670578009562,0.5875,0.573170731707317,0.6025641025641025,0.7419600173837462
strict,4,full_minus_repollution_core,extra_trees_balanced,19,373,0.08965532467628037,0.20911528150134048,0.5915521240384919,0.8135375923511516,0.53125,0.4473684210526316,0.6538461538461539,0.7201434159061277
strict,5,full_minus_repollution_core,baseline_all_negative,19,370,0.083669936526255,0.23513513513513515,0.23513513513513515,0.5,0.0,0.0,0.0,0.5
strict,5,full_minus_repollution_core,logistic_balanced,19,370,0.083669936526255,0.23513513513513515,0.5619435431363999,0.8068721822834166,0.5765765765765766,0.4740740740740741,0.735632183908046,0.7423743958409488
strict,5,full_minus_repollution_core,random_forest_balanced,19,370,0.083669936526255,0.23513513513513515,0.6702053213747851,0.8640185207749482,0.6096256684491979,0.57,0.6551724137931034,0.7516144754477885
strict,5,full_minus_repollution_core,extra_trees_balanced,19,370,0.083669936526255,0.23513513513513515,0.6496210951563414,0.833556719873279,0.6082949308755761,0.5076923076923077,0.7586206896551724,0.7662361398805897
strict,1,full_minus_size,baseline_all_negative,19,377,0.081999739786625,0.23872679045092837,0.23872679045092837,0.5,0.0,0.0,0.0,0.5
strict,1,full_minus_size,logistic_balanced,19,377,0.081999739786625,0.23872679045092837,0.7864144114440025,0.8948122338366241,0.7407407407407407,0.7070707070707071,0.7777777777777778,0.8383662408052652
strict,1,full_minus_size,random_forest_balanced,19,377,0.081999739786625,0.23872679045092837,0.7355623065820136,0.8801587301587303,0.6666666666666666,0.6781609195402298,0.6555555555555556,0.7789972899728997
strict,1,full_minus_size,extra_trees_balanced,19,377,0.081999739786625,0.23872679045092837,0.6590294788365746,0.8299457994579946,0.6082474226804123,0.5673076923076923,0.6555555555555556,0.7493805652342238
strict,2,full_minus_size,baseline_all_negative,19,368,0.0816462571597866,0.2418478260869565,0.2418478260869565,0.5,0.0,0.0,0.0,0.5
strict,2,full_minus_size,logistic_balanced,19,368,0.0816462571597866,0.2418478260869565,0.8097368330286379,0.8672626958237687,0.723404255319149,0.6868686868686869,0.7640449438202247,0.8264669163545568
strict,2,full_minus_size,random_forest_balanced,19,368,0.0816462571597866,0.2418478260869565,0.7423252707321149,0.8759816358584027,0.6815642458100558,0.6777777777777778,0.6853932584269663,0.7907253030486086
strict,2,full_minus_size,extra_trees_balanced,19,368,0.0816462571597866,0.2418478260869565,0.6926687277917878,0.8514155692481171,0.6421052631578947,0.6039603960396039,0.6853932584269663,0.7710120413998631
strict,3,full_minus_size,baseline_all_negative,19,377,0.08086093914398546,0.2493368700265252,0.2493368700265252,0.5,0.0,0.0,0.0,0.5
strict,3,full_minus_size,logistic_balanced,19,377,0.08086093914398546,0.2493368700265252,0.8061745106571914,0.908916622810315,0.7389162561576355,0.6880733944954128,0.7978723404255319,0.8388654988346741
strict,3,full_minus_size,random_forest_balanced,19,377,0.08086093914398546,0.2493368700265252,0.7693230918861119,0.9066611532967446,0.7171717171717171,0.6826923076923077,0.7553191489361702,0.81935568754229
strict,3,full_minus_size,extra_trees_balanced,19,377,0.08086093914398546,0.2493368700265252,0.673401997900212,0.853807984362078,0.6567164179104478,0.616822429906542,0.7021276595744681,0.7786256672430645
strict,4,full_minus_size,baseline_all_negative,19,373,0.08965532467628037,0.20911528150134048,0.20911528150134048,0.5,0.0,0.0,0.0,0.5
strict,4,full_minus_size,logistic_balanced,19,373,0.08965532467628037,0.20911528150134048,0.7891524086193613,0.8773576705780096,0.6559139784946236,0.5648148148148148,0.782051282051282,0.8113646240764885
strict,4,full_minus_size,random_forest_balanced,19,373,0.08965532467628037,0.20911528150134048,0.6967343762746498,0.88754889178618,0.6787878787878788,0.6436781609195402,0.717948717948718,0.806431986093003
strict,4,full_minus_size,extra_trees_balanced,19,373,0.08965532467628037,0.20911528150134048,0.6441740701741487,0.8533463711429814,0.6333333333333333,0.5588235294117647,0.7307692307692307,0.7891134289439374
strict,5,full_minus_size,baseline_all_negative,19,370,0.083669936526255,0.23513513513513515,0.23513513513513515,0.5,0.0,0.0,0.0,0.5
strict,5,full_minus_size,logistic_balanced,19,370,0.083669936526255,0.23513513513513515,0.8062388714943818,0.9104423053490922,0.7487179487179487,0.6759259259259259,0.8390804597701149,0.8577027740546688
strict,5,full_minus_size,random_forest_balanced,19,370,0.083669936526255,0.23513513513513515,0.757193021828308,0.9013646886803949,0.7165775401069518,0.67,0.7701149425287356,0.8267535843385727
strict,5,full_minus_size,extra_trees_balanced,19,370,0.083669936526255,0.23513513513513515,0.7218384771080382,0.8751269241704235,0.6570048309178744,0.5666666666666667,0.7816091954022989,0.7989318061817148
strict,1,full_minus_wind_direction,baseline_all_negative,20,377,0.081999739786625,0.23872679045092837,0.23872679045092837,0.5,0.0,0.0,0.0,0.5
strict,1,full_minus_wind_direction,logistic_balanced,20,377,0.081999739786625,0.23872679045092837,0.779683221853223,0.8967479674796749,0.7526881720430108,0.7291666666666666,0.7777777777777778,0.8435927216415021
strict,1,full_minus_wind_direction,random_forest_balanced,20,377,0.081999739786625,0.23872679045092837,0.7174941894545287,0.88091366627952,0.6549707602339181,0.691358024691358,0.6222222222222222,0.76755710414247
strict,1,full_minus_wind_direction,extra_trees_balanced,20,377,0.081999739786625,0.23872679045092837,0.6443149427614757,0.82824235385211,0.5906735751295337,0.5533980582524272,0.6333333333333333,0.736527293844367
strict,2,full_minus_wind_direction,baseline_all_negative,20,368,0.0816462571597866,0.2418478260869565,0.2418478260869565,0.5,0.0,0.0,0.0,0.5
strict,2,full_minus_wind_direction,logistic_balanced,20,368,0.0816462571597866,0.2418478260869565,0.8097419876436563,0.8644839112399824,0.7301587301587301,0.69,0.7752808988764045,0.8320848938826466
strict,2,full_minus_wind_direction,random_forest_balanced,20,368,0.0816462571597866,0.2418478260869565,0.7434278284745647,0.8811163465023559,0.6961325966850829,0.6847826086956522,0.7078651685393258,0.8019612581047884
strict,2,full_minus_wind_direction,extra_trees_balanced,20,368,0.0816462571597866,0.2418478260869565,0.6995769909901881,0.854597076235351,0.6288659793814433,0.580952380952381,0.6853932584269663,0.763843582618501
strict,3,full_minus_wind_direction,baseline_all_negative,20,377,0.08086093914398546,0.2493368700265252,0.2493368700265252,0.5,0.0,0.0,0.0,0.5
strict,3,full_minus_wind_direction,logistic_balanced,20,377,0.08086093914398546,0.2493368700265252,0.7933943343948999,0.903127584392151,0.7236180904522613,0.6857142857142857,0.7659574468085106,0.8246748364784602
strict,3,full_minus_wind_direction,random_forest_balanced,20,377,0.08086093914398546,0.2493368700265252,0.7753059129419152,0.9067175400345838,0.75,0.7075471698113207,0.7978723404255319,0.8441658521915645
strict,3,full_minus_wind_direction,extra_trees_balanced,20,377,0.08086093914398546,0.2493368700265252,0.6842480248839236,0.8573415532666716,0.6666666666666666,0.603448275862069,0.7446808510638298,0.7910683407262611
strict,4,full_minus_wind_direction,baseline_all_negative,20,373,0.08965532467628037,0.20911528150134048,0.20911528150134048,0.5,0.0,0.0,0.0,0.5
strict,4,full_minus_wind_direction,logistic_balanced,20,373,0.08965532467628037,0.20911528150134048,0.7794698693853064,0.8899608865710561,0.6971428571428572,0.6288659793814433,0.782051282051282,0.8300086918730987
strict,4,full_minus_wind_direction,random_forest_balanced,20,373,0.08965532467628037,0.20911528150134048,0.692537809987648,0.8772055627987831,0.6272189349112426,0.5824175824175825,0.6794871794871795,0.7753368100825728
strict,4,full_minus_wind_direction,extra_trees_balanced,20,373,0.08965532467628037,0.20911528150134048,0.6642460406512996,0.8684485006518905,0.6373626373626373,0.5576923076923077,0.7435897435897436,0.7938287700999566
strict,5,full_minus_wind_direction,baseline_all_negative,20,370,0.083669936526255,0.23513513513513515,0.23513513513513515,0.5,0.0,0.0,0.0,0.5
strict,5,full_minus_wind_direction,logistic_balanced,20,370,0.083669936526255,0.23513513513513515,0.8013510954357671,0.9128386336866903,0.7539267015706806,0.6923076923076923,0.8275862068965517,0.8572560009747776
strict,5,full_minus_wind_direction,random_forest_balanced,20,370,0.083669936526255,0.23513513513513515,0.7541513064410651,0.9016489988221436,0.7272727272727273,0.7191011235955056,0.735632183908046,0.8236464806466025
strict,5,full_minus_wind_direction,extra_trees_balanced,20,370,0.083669936526255,0.23513513513513515,0.7320672351143163,0.8781324885260551,0.6601941747572816,0.5714285714285714,0.7816091954022989,0.8006985906340116
strict,1,full_minus_wind_speed,baseline_all_negative,20,377,0.081999739786625,0.23872679045092837,0.23872679045092837,0.5,0.0,0.0,0.0,0.5
strict,1,full_minus_wind_speed,logistic_balanced,20,377,0.081999739786625,0.23872679045092837,0.7951051971797974,0.8971351142082851,0.7619047619047619,0.7272727272727273,0.8,0.8529616724738676
strict,1,full_minus_wind_speed,random_forest_balanced,20,377,0.081999739786625,0.23872679045092837,0.7254393178173717,0.8828687572590012,0.6511627906976745,0.6829268292682927,0.6222222222222222,0.7658149438637243
strict,1,full_minus_wind_speed,extra_trees_balanced,20,377,0.081999739786625,0.23872679045092837,0.6514274718736922,0.8341656987998451,0.6010362694300518,0.5631067961165048,0.6444444444444445,0.7438250096786683
strict,2,full_minus_wind_speed,baseline_all_negative,20,368,0.0816462571597866,0.2418478260869565,0.2418478260869565,0.5,0.0,0.0,0.0,0.5
strict,2,full_minus_wind_speed,logistic_balanced,20,368,0.0816462571597866,0.2418478260869565,0.8156018391059716,0.8656518062099794,0.7083333333333334,0.6601941747572816,0.7640449438202247,0.8192984575731947
strict,2,full_minus_wind_speed,random_forest_balanced,20,368,0.0816462571597866,0.2418478260869565,0.7419172011440138,0.8848213926140711,0.6994535519125683,0.6808510638297872,0.7191011235955056,0.8057871209375378
strict,2,full_minus_wind_speed,extra_trees_balanced,20,368,0.0816462571597866,0.2418478260869565,0.6999060625400138,0.854878981917764,0.6391752577319587,0.5904761904761905,0.6966292134831461,0.7712536748419314
strict,3,full_minus_wind_speed,baseline_all_negative,20,377,0.08086093914398546,0.2493368700265252,0.2493368700265252,0.5,0.0,0.0,0.0,0.5
strict,3,full_minus_wind_speed,logistic_balanced,20,377,0.08086093914398546,0.2493368700265252,0.8018275581031221,0.9064356063453876,0.7437185929648241,0.7047619047619048,0.7872340425531915,0.8388467032553943
strict,3,full_minus_wind_speed,random_forest_balanced,20,377,0.08086093914398546,0.2493368700265252,0.7742494956695849,0.907469363205774,0.7537688442211056,0.7142857142857143,0.7978723404255319,0.8459326366438613
strict,3,full_minus_wind_speed,extra_trees_balanced,20,377,0.08086093914398546,0.2493368700265252,0.6752840710979966,0.8562890008270055,0.6634615384615384,0.6052631578947368,0.7340425531914894,0.7875159762423878
strict,4,full_minus_wind_speed,baseline_all_negative,20,373,0.08965532467628037,0.20911528150134048,0.20911528150134048,0.5,0.0,0.0,0.0,0.5
strict,4,full_minus_wind_speed,logistic_balanced,20,373,0.08965532467628037,0.20911528150134048,0.7816290353476825,0.8821816601477619,0.6777777777777778,0.5980392156862745,0.782051282051282,0.8215341156019123
strict,4,full_minus_wind_speed,random_forest_balanced,20,373,0.08965532467628037,0.20911528150134048,0.6917167625560886,0.8801607996523251,0.6432748538011696,0.5913978494623656,0.7051282051282052,0.7881573229030856
strict,4,full_minus_wind_speed,extra_trees_balanced,20,373,0.08965532467628037,0.20911528150134048,0.6413495431491711,0.8544111255975663,0.6187845303867403,0.5436893203883495,0.717948717948718,0.7793133420252064
strict,5,full_minus_wind_speed,baseline_all_negative,20,370,0.083669936526255,0.23513513513513515,0.23513513513513515,0.5,0.0,0.0,0.0,0.5
strict,5,full_minus_wind_speed,logistic_balanced,20,370,0.083669936526255,0.23513513513513515,0.8084682475911182,0.9116201616506234,0.75,0.6857142857142857,0.8275862068965517,0.8554892165224808
strict,5,full_minus_wind_speed,random_forest_balanced,20,370,0.083669936526255,0.23513513513513515,0.7482469391588953,0.8994963648917591,0.7231638418079096,0.7111111111111111,0.735632183908046,0.8218796961943057
strict,5,full_minus_wind_speed,extra_trees_balanced,20,370,0.083669936526255,0.23513513513513515,0.7199122309416888,0.8735429105235368,0.6634146341463415,0.576271186440678,0.7816091954022989,0.8024653750863084
broad,1,base_11,baseline_all_negative,11,540,0.147982062780269,0.21481481481481482,0.21481481481481482,0.5,0.0,0.0,0.0,0.5
broad,1,base_11,logistic_balanced,11,540,0.147982062780269,0.21481481481481482,0.45042128876634535,0.7466859141184125,0.49146757679180886,0.4067796610169492,0.6206896551724138,0.6865240728692258
broad,1,base_11,random_forest_balanced,11,540,0.147982062780269,0.21481481481481482,0.5178284601480271,0.7927273096942095,0.5301204819277109,0.49624060150375937,0.5689655172413793,0.7054733246584255
broad,1,base_11,extra_trees_balanced,11,540,0.147982062780269,0.21481481481481482,0.5194127089988188,0.7828867111255693,0.5073529411764706,0.4423076923076923,0.5948275862068966,0.6948194534808068
broad,2,base_11,baseline_all_negative,11,552,0.1251448435689455,0.2717391304347826,0.2717391304347826,0.5,0.0,0.0,0.0,0.5
broad,2,base_11,logistic_balanced,11,552,0.1251448435689455,0.2717391304347826,0.5508711597443507,0.7770812603648425,0.5826330532212886,0.5024154589371981,0.6933333333333334,0.7185572139303482
broad,2,base_11,random_forest_balanced,11,552,0.1251448435689455,0.2717391304347826,0.5630606242752912,0.789502487562189,0.5899705014749262,0.5291005291005291,0.6666666666666666,0.722636815920398
broad,2,base_11,extra_trees_balanced,11,552,0.1251448435689455,0.2717391304347826,0.5686747677611679,0.7878689883913764,0.5681159420289855,0.5025641025641026,0.6533333333333333,0.7060199004975125
broad,3,base_11,baseline_all_negative,11,549,0.13756187540861115,0.22768670309653916,0.22768670309653916,0.5,0.0,0.0,0.0,0.5
broad,3,base_11,logistic_balanced,11,549,0.13756187540861115,0.22768670309653916,0.4956353838329443,0.7622830188679245,0.525679758308157,0.4223300970873786,0.696,0.7076698113207547
broad,3,base_11,random_forest_balanced,11,549,0.13756187540861115,0.22768670309653916,0.52434205467231,0.7894811320754717,0.5512367491166078,0.4936708860759494,0.624,0.7176603773584906
broad,3,base_11,extra_trees_balanced,11,549,0.13756187540861115,0.22768670309653916,0.5306526964562307,0.7930283018867924,0.5551839464882943,0.47701149425287354,0.664,0.724688679245283
broad,4,base_11,baseline_all_negative,11,537,0.147711928972301,0.21601489757914338,0.21601489757914338,0.5,0.0,0.0,0.0,0.5
broad,4,base_11,logistic_balanced,11,537,0.147711928972301,0.21601489757914338,0.5830878375060625,0.8096486198705872,0.5844155844155844,0.46875,0.7758620689655172,0.7667908919649439
broad,4,base_11,random_forest_balanced,11,537,0.147711928972301,0.21601489757914338,0.5815656563901084,0.8333811122942093,0.5639097744360902,0.5,0.646551724137931,0.73420222786469
broad,4,base_11,extra_trees_balanced,11,537,0.147711928972301,0.21601489757914338,0.5669364099373128,0.8263268899991808,0.570446735395189,0.4742857142857143,0.7155172413793104,0.7484949627324106
broad,5,base_11,baseline_all_negative,11,556,0.1330998248686515,0.24820143884892087,0.24820143884892087,0.5,0.0,0.0,0.0,0.5
broad,5,base_11,logistic_balanced,11,556,0.1330998248686515,0.24820143884892087,0.4480919977653154,0.7548020248249082,0.5317220543806647,0.45595854922279794,0.6376811594202898,0.693242493585743
broad,5,base_11,random_forest_balanced,11,556,0.1330998248686515,0.24820143884892087,0.5682596718187161,0.8097566049511129,0.5714285714285714,0.5176470588235295,0.6376811594202898,0.720754455308231
broad,5,base_11,extra_trees_balanced,11,556,0.1330998248686515,0.24820143884892087,0.5513773677225413,0.8006986339366202,0.575,0.5054945054945055,0.6666666666666666,0.7256778309409888
broad,1,base_11_plus_demographics,baseline_all_negative,17,540,0.147982062780269,0.21481481481481482,0.21481481481481482,0.5,0.0,0.0,0.0,0.5
broad,1,base_11_plus_demographics,logistic_balanced,17,540,0.147982062780269,0.21481481481481482,0.46340358507557233,0.7539240403383214,0.5017421602787456,0.42105263157894735,0.6206896551724138,0.693599544567339
broad,1,base_11_plus_demographics,random_forest_balanced,17,540,0.147982062780269,0.21481481481481482,0.5216012135546003,0.7911312621990891,0.5245901639344263,0.5,0.5517241379310345,0.7003903708523097
broad,1,base_11_plus_demographics,extra_trees_balanced,17,540,0.147982062780269,0.21481481481481482,0.5339662546858808,0.7904094827586208,0.5223880597014925,0.4605263157894737,0.603448275862069,0.7050260247234873
broad,2,base_11_plus_demographics,baseline_all_negative,17,552,0.1251448435689455,0.2717391304347826,0.2717391304347826,0.5,0.0,0.0,0.0,0.5
broad,2,base_11_plus_demographics,logistic_balanced,17,552,0.1251448435689455,0.2717391304347826,0.5533732800715235,0.7861028192371476,0.5865921787709497,0.5048076923076923,0.7,0.7218905472636816
broad,2,base_11_plus_demographics,random_forest_balanced,17,552,0.1251448435689455,0.2717391304347826,0.5736061403859857,0.7981592039800993,0.60625,0.5705882352941176,0.6466666666666666,0.7325373134328358
broad,2,base_11_plus_demographics,extra_trees_balanced,17,552,0.1251448435689455,0.2717391304347826,0.586762776145932,0.7957794361525705,0.5813953488372093,0.5154639175257731,0.6666666666666666,0.7164179104477612
broad,3,base_11_plus_demographics,baseline_all_negative,17,549,0.13756187540861115,0.22768670309653916,0.22768670309653916,0.5,0.0,0.0,0.0,0.5
broad,3,base_11_plus_demographics,logistic_balanced,17,549,0.13756187540861115,0.22768670309653916,0.5137731539354786,0.7706981132075471,0.5259938837920489,0.42574257425742573,0.688,0.7072075471698113
broad,3,base_11_plus_demographics,random_forest_balanced,17,549,0.13756187540861115,0.22768670309653916,0.5333003391364055,0.7889245283018868,0.5591397849462365,0.5064935064935064,0.624,0.7223773584905661
broad,3,base_11_plus_demographics,extra_trees_balanced,17,549,0.13756187540861115,0.22768670309653916,0.5281024926095731,0.7963490566037735,0.5647840531561462,0.48295454545454547,0.68,0.732688679245283
broad,4,base_11_plus_demographics,baseline_all_negative,17,537,0.147711928972301,0.21601489757914338,0.21601489757914338,0.5,0.0,0.0,0.0,0.5
broad,4,base_11_plus_demographics,logistic_balanced,17,537,0.147711928972301,0.21601489757914338,0.6111140836071233,0.8277090670816611,0.5874587458745875,0.47593582887700536,0.7672413793103449,0.7672311409615857
broad,4,base_11_plus_demographics,random_forest_balanced,17,537,0.147711928972301,0.21601489757914338,0.612412149281871,0.8455237939225162,0.5984848484848485,0.5337837837837838,0.6810344827586207,0.7585694979113768
broad,4,base_11_plus_demographics,extra_trees_balanced,17,537,0.147711928972301,0.21601489757914338,0.5802467203123612,0.8372307314276354,0.5910652920962199,0.49142857142857144,0.7413793103448276,0.7649889425833402
broad,5,base_11_plus_demographics,baseline_all_negative,17,556,0.1330998248686515,0.24820143884892087,0.24820143884892087,0.5,0.0,0.0,0.0,0.5
broad,5,base_11_plus_demographics,logistic_balanced,17,556,0.1330998248686515,0.24820143884892087,0.47525159772556025,0.7711150405658413,0.5352941176470588,0.4504950495049505,0.6594202898550725,0.6969350253103114
broad,5,base_11_plus_demographics,random_forest_balanced,17,556,0.1330998248686515,0.24820143884892087,0.5802000483666561,0.8129463976145898,0.5496688741721855,0.5060975609756098,0.6014492753623188,0.7038346855280494
broad,5,base_11_plus_demographics,extra_trees_balanced,17,556,0.1330998248686515,0.24820143884892087,0.5719662099520827,0.8082483877678386,0.601823708206687,0.518324607329843,0.717391304347826,0.7486478052839609
broad,1,base_11_plus_repollution_core,baseline_all_negative,13,540,0.147982062780269,0.21481481481481482,0.21481481481481482,0.5,0.0,0.0,0.0,0.5
broad,1,base_11_plus_repollution_core,logistic_balanced,13,540,0.147982062780269,0.21481481481481482,0.7378518703273345,0.8549731620039037,0.6666666666666666,0.5844155844155844,0.7758620689655172,0.8124593363695511
broad,1,base_11_plus_repollution_core,random_forest_balanced,13,540,0.147982062780269,0.21481481481481482,0.7202196760078754,0.8700492029928433,0.6434108527131783,0.5845070422535211,0.7155172413793104,0.788183148991542
broad,1,base_11_plus_repollution_core,extra_trees_balanced,13,540,0.147982062780269,0.21481481481481482,0.6290766441739037,0.8383010735198438,0.6171875,0.5642857142857143,0.6810344827586207,0.7685832791151594
broad,2,base_11_plus_repollution_core,baseline_all_negative,13,552,0.1251448435689455,0.2717391304347826,0.2717391304347826,0.5,0.0,0.0,0.0,0.5
broad,2,base_11_plus_repollution_core,logistic_balanced,13,552,0.1251448435689455,0.2717391304347826,0.7387981035302494,0.8699170812603648,0.6930091185410334,0.6368715083798883,0.76,0.7991542288557214
broad,2,base_11_plus_repollution_core,random_forest_balanced,13,552,0.1251448435689455,0.2717391304347826,0.7018013903788717,0.8653150912106136,0.6786786786786787,0.6174863387978142,0.7533333333333333,0.7896019900497513
broad,2,base_11_plus_repollution_core,extra_trees_balanced,13,552,0.1251448435689455,0.2717391304347826,0.6420221920439024,0.839933665008292,0.6428571428571429,0.5806451612903226,0.72,0.7629850746268656
broad,3,base_11_plus_repollution_core,baseline_all_negative,13,549,0.13756187540861115,0.22768670309653916,0.22768670309653916,0.5,0.0,0.0,0.0,0.5
broad,3,base_11_plus_repollution_core,logistic_balanced,13,549,0.13756187540861115,0.22768670309653916,0.7441821822834878,0.8619811320754717,0.636986301369863,0.5568862275449101,0.744,0.7847358490566038
broad,3,base_11_plus_repollution_core,random_forest_balanced,13,549,0.13756187540861115,0.22768670309653916,0.6912386315016649,0.8628584905660377,0.6431095406360424,0.5759493670886076,0.728,0.7849905660377359
broad,3,base_11_plus_repollution_core,extra_trees_balanced,13,549,0.13756187540861115,0.22768670309653916,0.6159298116048255,0.8347169811320754,0.6237288135593221,0.5411764705882353,0.736,0.7760188679245283
broad,4,base_11_plus_repollution_core,baseline_all_negative,13,537,0.147711928972301,0.21601489757914338,0.21601489757914338,0.5,0.0,0.0,0.0,0.5
broad,4,base_11_plus_repollution_core,logistic_balanced,13,537,0.147711928972301,0.21601489757914338,0.7719386030907118,0.912523548202146,0.708029197080292,0.6139240506329114,0.8362068965517241,0.8456568924563845
broad,4,base_11_plus_repollution_core,random_forest_balanced,13,537,0.147711928972301,0.21601489757914338,0.7411277420161635,0.9037902367106233,0.6618705035971223,0.5679012345679012,0.7931034482758621,0.8134163322139405
broad,4,base_11_plus_repollution_core,extra_trees_balanced,13,537,0.147711928972301,0.21601489757914338,0.6636464490599673,0.8789417642722581,0.6571428571428571,0.5609756097560976,0.7931034482758621,0.8110410353018265
broad,5,base_11_plus_repollution_core,baseline_all_negative,13,556,0.1330998248686515,0.24820143884892087,0.24820143884892087,0.5,0.0,0.0,0.0,0.5
broad,5,base_11_plus_repollution_core,logistic_balanced,13,556,0.1330998248686515,0.24820143884892087,0.7111023934273405,0.8653352749462591,0.6967741935483871,0.627906976744186,0.782608695652174,0.814749323902642
broad,5,base_11_plus_repollution_core,random_forest_balanced,13,556,0.1330998248686515,0.24820143884892087,0.68900448883276,0.8706400388322585,0.6996699669966997,0.6424242424242425,0.7681159420289855,0.8134838083350668
broad,5,base_11_plus_repollution_core,extra_trees_balanced,13,556,0.1330998248686515,0.24820143884892087,0.6392667984727055,0.8501837597947438,0.653968253968254,0.5819209039548022,0.7463768115942029,0.7846716593856182
broad,1,base_11_plus_size,baseline_all_negative,13,540,0.147982062780269,0.21481481481481482,0.21481481481481482,0.5,0.0,0.0,0.0,0.5
broad,1,base_11_plus_size,logistic_balanced,13,540,0.147982062780269,0.21481481481481482,0.4926438890789585,0.7696811971372804,0.5051903114186851,0.42196531791907516,0.6293103448275862,0.6967306441119063
broad,1,base_11_plus_size,random_forest_balanced,13,540,0.147982062780269,0.21481481481481482,0.602722372442792,0.8159564085881588,0.5627376425855514,0.5034013605442177,0.6379310344827587,0.732880611581002
broad,1,base_11_plus_size,extra_trees_balanced,13,540,0.147982062780269,0.21481481481481482,0.546851526204996,0.7965801886792453,0.5362318840579711,0.4625,0.6379310344827587,0.7175504229017566
broad,2,base_11_plus_size,baseline_all_negative,13,552,0.1251448435689455,0.2717391304347826,0.2717391304347826,0.5,0.0,0.0,0.0,0.5
broad,2,base_11_plus_size,logistic_balanced,13,552,0.1251448435689455,0.2717391304347826,0.5705290461039368,0.7886401326699835,0.603448275862069,0.5303030303030303,0.7,0.7343283582089553
broad,2,base_11_plus_size,random_forest_balanced,13,552,0.1251448435689455,0.2717391304347826,0.5951874712655154,0.8090298507462688,0.588957055214724,0.5454545454545454,0.64,0.720497512437811
broad,2,base_11_plus_size,extra_trees_balanced,13,552,0.1251448435689455,0.2717391304347826,0.573436819283675,0.7959701492537313,0.577259475218659,0.5129533678756477,0.66,0.7130845771144279
broad,3,base_11_plus_size,baseline_all_negative,13,549,0.13756187540861115,0.22768670309653916,0.22768670309653916,0.5,0.0,0.0,0.0,0.5
broad,3,base_11_plus_size,logistic_balanced,13,549,0.13756187540861115,0.22768670309653916,0.5537854773623465,0.7798679245283019,0.5538461538461539,0.45,0.72,0.7302830188679246
broad,3,base_11_plus_size,random_forest_balanced,13,549,0.13756187540861115,0.22768670309653916,0.5637861327884206,0.8141132075471699,0.5608856088560885,0.5205479452054794,0.608,0.7214528301886792
broad,3,base_11_plus_size,extra_trees_balanced,13,549,0.13756187540861115,0.22768670309653916,0.5444511915388766,0.8028962264150944,0.570446735395189,0.5,0.664,0.734122641509434
broad,4,base_11_plus_size,baseline_all_negative,13,537,0.147711928972301,0.21601489757914338,0.21601489757914338,0.5,0.0,0.0,0.0,0.5
broad,4,base_11_plus_size,logistic_balanced,13,537,0.147711928972301,0.21601489757914338,0.5578040909277889,0.8119624866901466,0.5958904109589042,0.4943181818181818,0.75,0.7692992874109263
broad,4,base_11_plus_size,random_forest_balanced,13,537,0.147711928972301,0.21601489757914338,0.5936322432018974,0.8426570562699647,0.587360594795539,0.5163398692810458,0.6810344827586207,0.7526312556310918
broad,4,base_11_plus_size,extra_trees_balanced,13,537,0.147711928972301,0.21601489757914338,0.5785991399541428,0.8311901056597593,0.5763888888888888,0.48255813953488375,0.7155172413793104,0.7520579081005816
broad,5,base_11_plus_size,baseline_all_negative,13,556,0.1330998248686515,0.24820143884892087,0.24820143884892087,0.5,0.0,0.0,0.0,0.5
broad,5,base_11_plus_size,logistic_balanced,13,556,0.1330998248686515,0.24820143884892087,0.48552900543843475,0.769988211635809,0.5301204819277109,0.4536082474226804,0.6376811594202898,0.6920463213369392
broad,5,base_11_plus_size,random_forest_balanced,13,556,0.1330998248686515,0.24820143884892087,0.5680414203599278,0.8028916163927605,0.5723905723905723,0.5345911949685535,0.6159420289855072,0.7194542680812703
broad,5,base_11_plus_size,extra_trees_balanced,13,556,0.1330998248686515,0.24820143884892087,0.5635428825984188,0.8033856875390055,0.5893416927899686,0.5193370165745856,0.6811594202898551,0.7365127244989945
broad,1,base_11_plus_all_repollution_specific,baseline_all_negative,15,540,0.147982062780269,0.21481481481481482,0.21481481481481482,0.5,0.0,0.0,0.0,0.5
broad,1,base_11_plus_all_repollution_specific,logistic_balanced,15,540,0.147982062780269,0.21481481481481482,0.7364633936717253,0.8557051073519844,0.6666666666666666,0.5796178343949044,0.7844827586206896,0.8144111906310996
broad,1,base_11_plus_all_repollution_specific,random_forest_balanced,15,540,0.147982062780269,0.21481481481481482,0.7241058248688523,0.8721535458685752,0.6363636363636364,0.5675675675675675,0.7241379310344828,0.7865972674040338
broad,1,base_11_plus_all_repollution_specific,extra_trees_balanced,15,540,0.147982062780269,0.21481481481481482,0.6367726148742355,0.8407307254391672,0.6283524904214559,0.5655172413793104,0.7068965517241379,0.7791558230318802
broad,2,base_11_plus_all_repollution_specific,baseline_all_negative,15,552,0.1251448435689455,0.2717391304347826,0.2717391304347826,0.5,0.0,0.0,0.0,0.5
broad,2,base_11_plus_all_repollution_specific,logistic_balanced,15,552,0.1251448435689455,0.2717391304347826,0.7367915270830075,0.8662520729684909,0.6927710843373494,0.6318681318681318,0.7666666666666667,0.8
broad,2,base_11_plus_all_repollution_specific,random_forest_balanced,15,552,0.1251448435689455,0.2717391304347826,0.7061134797509013,0.8717993366500828,0.691131498470948,0.6384180790960452,0.7533333333333333,0.7970646766169154
broad,2,base_11_plus_all_repollution_specific,extra_trees_balanced,15,552,0.1251448435689455,0.2717391304347826,0.6533799545347514,0.8435737976782751,0.6257309941520468,0.5572916666666666,0.7133333333333334,0.7509452736318408
broad,3,base_11_plus_all_repollution_specific,baseline_all_negative,15,549,0.13756187540861115,0.22768670309653916,0.22768670309653916,0.5,0.0,0.0,0.0,0.5
broad,3,base_11_plus_all_repollution_specific,logistic_balanced,15,549,0.13756187540861115,0.22768670309653916,0.7427028642424456,0.8632264150943396,0.6484641638225256,0.5654761904761905,0.76,0.7939150943396227
broad,3,base_11_plus_all_repollution_specific,random_forest_balanced,15,549,0.13756187540861115,0.22768670309653916,0.6987660208755297,0.8650849056603773,0.6619718309859155,0.5911949685534591,0.752,0.7993490566037735
broad,3,base_11_plus_all_repollution_specific,extra_trees_balanced,15,549,0.13756187540861115,0.22768670309653916,0.6232332767559678,0.8382264150943396,0.6462585034013606,0.5621301775147929,0.76,0.7927358490566038
broad,4,base_11_plus_all_repollution_specific,baseline_all_negative,15,537,0.147711928972301,0.21601489757914338,0.21601489757914338,0.5,0.0,0.0,0.0,0.5
broad,4,base_11_plus_all_repollution_specific,logistic_balanced,15,537,0.147711928972301,0.21601489757914338,0.7624853468890262,0.9107215988205423,0.7011070110701108,0.6129032258064516,0.8189655172413793,0.8382238512572693
broad,4,base_11_plus_all_repollution_specific,random_forest_balanced,15,537,0.147711928972301,0.21601489757914338,0.7348574035967956,0.8962343353263985,0.651685393258427,0.5761589403973509,0.75,0.7989904988123515
broad,4,base_11_plus_all_repollution_specific,extra_trees_balanced,15,537,0.147711928972301,0.21601489757914338,0.6651786009917823,0.8800679826357607,0.6428571428571429,0.5487804878048781,0.7758620689655172,0.8000450487345401
broad,5,base_11_plus_all_repollution_specific,baseline_all_negative,15,556,0.1330998248686515,0.24820143884892087,0.24820143884892087,0.5,0.0,0.0,0.0,0.5
broad,5,base_11_plus_all_repollution_specific,logistic_balanced,15,556,0.1330998248686515,0.24820143884892087,0.7074265469593864,0.86497122252271,0.6858974358974359,0.6149425287356322,0.7753623188405797,0.8075376187504334
broad,5,base_11_plus_all_repollution_specific,random_forest_balanced,15,556,0.1330998248686515,0.24820143884892087,0.6869217868981627,0.8663320851535954,0.6933333333333334,0.6419753086419753,0.7536231884057971,0.8074336037722766
broad,5,base_11_plus_all_repollution_specific,extra_trees_balanced,15,556,0.1330998248686515,0.24820143884892087,0.6446084038624945,0.8511372304278484,0.6687898089171974,0.5965909090909091,0.7608695652173914,0.7955065529436238
broad,1,full_base_demo_repollution,baseline_all_negative,21,540,0.147982062780269,0.21481481481481482,0.21481481481481482,0.5,0.0,0.0,0.0,0.5
broad,1,full_base_demo_repollution,logistic_balanced,21,540,0.147982062780269,0.21481481481481482,0.7398721881603714,0.8586328887443071,0.6616541353383458,0.5866666666666667,0.7586206896551724,0.8061971372804164
broad,1,full_base_demo_repollution,random_forest_balanced,21,540,0.147982062780269,0.21481481481481482,0.71620981534567,0.8702626870527002,0.6561264822134387,0.6058394160583942,0.7155172413793104,0.7940793754066363
broad,1,full_base_demo_repollution,extra_trees_balanced,21,540,0.147982062780269,0.21481481481481482,0.6213177753029648,0.837741948601171,0.6147859922178989,0.5602836879432624,0.6810344827586207,0.7674040338321405
broad,2,full_base_demo_repollution,baseline_all_negative,21,552,0.1251448435689455,0.2717391304347826,0.2717391304347826,0.5,0.0,0.0,0.0,0.5
broad,2,full_base_demo_repollution,logistic_balanced,21,552,0.1251448435689455,0.2717391304347826,0.7393415478852592,0.8680928689883913,0.6951219512195121,0.6404494382022472,0.76,0.8003980099502488
broad,2,full_base_demo_repollution,random_forest_balanced,21,552,0.1251448435689455,0.2717391304347826,0.6910911775483464,0.8684908789386402,0.6728971962616822,0.631578947368421,0.72,0.7816417910447762
broad,2,full_base_demo_repollution,extra_trees_balanced,21,552,0.1251448435689455,0.2717391304347826,0.6458987397425241,0.8417412935323383,0.6529411764705882,0.5842105263157895,0.74,0.7717412935323382
broad,3,full_base_demo_repollution,baseline_all_negative,21,549,0.13756187540861115,0.22768670309653916,0.22768670309653916,0.5,0.0,0.0,0.0,0.5
broad,3,full_base_demo_repollution,logistic_balanced,21,549,0.13756187540861115,0.22768670309653916,0.7418453301201096,0.8656037735849056,0.6305084745762712,0.5470588235294118,0.744,0.7811981132075472
broad,3,full_base_demo_repollution,random_forest_balanced,21,549,0.13756187540861115,0.22768670309653916,0.694080811895205,0.8629528301886793,0.6327272727272727,0.58,0.696,0.7737075471698113
broad,3,full_base_demo_repollution,extra_trees_balanced,21,549,0.13756187540861115,0.22768670309653916,0.6295421150926039,0.8392830188679246,0.6348122866894198,0.5535714285714286,0.744,0.7835566037735848
broad,4,full_base_demo_repollution,baseline_all_negative,21,537,0.147711928972301,0.21601489757914338,0.21601489757914338,0.5,0.0,0.0,0.0,0.5
broad,4,full_base_demo_repollution,logistic_balanced,21,537,0.147711928972301,0.21601489757914338,0.7569662790415358,0.9092267999017118,0.6937269372693727,0.6064516129032258,0.8103448275862069,0.832725857973626
broad,4,full_base_demo_repollution,random_forest_balanced,21,537,0.147711928972301,0.21601489757914338,0.7255077575480086,0.8976165124088786,0.6566037735849056,0.5838926174496645,0.75,0.8013657957244655
broad,4,full_base_demo_repollution,extra_trees_balanced,21,537,0.147711928972301,0.21601489757914338,0.6697045401633107,0.8834466377262675,0.6498194945848376,0.5590062111801242,0.7758620689655172,0.8036079941027111
broad,5,full_base_demo_repollution,baseline_all_negative,21,556,0.1330998248686515,0.24820143884892087,0.24820143884892087,0.5,0.0,0.0,0.0,0.5
broad,5,full_base_demo_repollution,logistic_balanced,21,556,0.1330998248686515,0.24820143884892087,0.708824980026987,0.8679009777407947,0.6775244299674267,0.6153846153846154,0.7536231884057971,0.7990603980306498
broad,5,full_base_demo_repollution,random_forest_balanced,21,556,0.1330998248686515,0.24820143884892087,0.682621726927003,0.8658380140073504,0.6889632107023411,0.639751552795031,0.7463768115942029,0.8038104153664795
broad,5,full_base_demo_repollution,extra_trees_balanced,21,556,0.1330998248686515,0.24820143884892087,0.6456069643285165,0.8486755426114694,0.6881028938906752,0.6184971098265896,0.7753623188405797,0.8087337909992371
broad,1,full_minus_demographics,baseline_all_negative,15,540,0.147982062780269,0.21481481481481482,0.21481481481481482,0.5,0.0,0.0,0.0,0.5
broad,1,full_minus_demographics,logistic_balanced,15,540,0.147982062780269,0.21481481481481482,0.7364633936717253,0.8557051073519844,0.6666666666666666,0.5796178343949044,0.7844827586206896,0.8144111906310996
broad,1,full_minus_demographics,random_forest_balanced,15,540,0.147982062780269,0.21481481481481482,0.7241058248688523,0.8721535458685752,0.6363636363636364,0.5675675675675675,0.7241379310344828,0.7865972674040338
broad,1,full_minus_demographics,extra_trees_balanced,15,540,0.147982062780269,0.21481481481481482,0.6367726148742355,0.8407307254391672,0.6283524904214559,0.5655172413793104,0.7068965517241379,0.7791558230318802
broad,2,full_minus_demographics,baseline_all_negative,15,552,0.1251448435689455,0.2717391304347826,0.2717391304347826,0.5,0.0,0.0,0.0,0.5
broad,2,full_minus_demographics,logistic_balanced,15,552,0.1251448435689455,0.2717391304347826,0.7367915270830075,0.8662520729684909,0.6927710843373494,0.6318681318681318,0.7666666666666667,0.8
broad,2,full_minus_demographics,random_forest_balanced,15,552,0.1251448435689455,0.2717391304347826,0.7061134797509013,0.8717993366500828,0.691131498470948,0.6384180790960452,0.7533333333333333,0.7970646766169154
broad,2,full_minus_demographics,extra_trees_balanced,15,552,0.1251448435689455,0.2717391304347826,0.6533799545347514,0.8435737976782751,0.6257309941520468,0.5572916666666666,0.7133333333333334,0.7509452736318408
broad,3,full_minus_demographics,baseline_all_negative,15,549,0.13756187540861115,0.22768670309653916,0.22768670309653916,0.5,0.0,0.0,0.0,0.5
broad,3,full_minus_demographics,logistic_balanced,15,549,0.13756187540861115,0.22768670309653916,0.7427028642424456,0.8632264150943396,0.6484641638225256,0.5654761904761905,0.76,0.7939150943396227
broad,3,full_minus_demographics,random_forest_balanced,15,549,0.13756187540861115,0.22768670309653916,0.6987660208755297,0.8650849056603773,0.6619718309859155,0.5911949685534591,0.752,0.7993490566037735
broad,3,full_minus_demographics,extra_trees_balanced,15,549,0.13756187540861115,0.22768670309653916,0.6232332767559678,0.8382264150943396,0.6462585034013606,0.5621301775147929,0.76,0.7927358490566038
broad,4,full_minus_demographics,baseline_all_negative,15,537,0.147711928972301,0.21601489757914338,0.21601489757914338,0.5,0.0,0.0,0.0,0.5
broad,4,full_minus_demographics,logistic_balanced,15,537,0.147711928972301,0.21601489757914338,0.7624853468890262,0.9107215988205423,0.7011070110701108,0.6129032258064516,0.8189655172413793,0.8382238512572693
broad,4,full_minus_demographics,random_forest_balanced,15,537,0.147711928972301,0.21601489757914338,0.7348574035967956,0.8962343353263985,0.651685393258427,0.5761589403973509,0.75,0.7989904988123515
broad,4,full_minus_demographics,extra_trees_balanced,15,537,0.147711928972301,0.21601489757914338,0.6651786009917823,0.8800679826357607,0.6428571428571429,0.5487804878048781,0.7758620689655172,0.8000450487345401
broad,5,full_minus_demographics,baseline_all_negative,15,556,0.1330998248686515,0.24820143884892087,0.24820143884892087,0.5,0.0,0.0,0.0,0.5
broad,5,full_minus_demographics,logistic_balanced,15,556,0.1330998248686515,0.24820143884892087,0.7074265469593864,0.86497122252271,0.6858974358974359,0.6149425287356322,0.7753623188405797,0.8075376187504334
broad,5,full_minus_demographics,random_forest_balanced,15,556,0.1330998248686515,0.24820143884892087,0.6869217868981627,0.8663320851535954,0.6933333333333334,0.6419753086419753,0.7536231884057971,0.8074336037722766
broad,5,full_minus_demographics,extra_trees_balanced,15,556,0.1330998248686515,0.24820143884892087,0.6446084038624945,0.8511372304278484,0.6687898089171974,0.5965909090909091,0.7608695652173914,0.7955065529436238
broad,1,full_minus_repollution_core,baseline_all_negative,19,540,0.147982062780269,0.21481481481481482,0.21481481481481482,0.5,0.0,0.0,0.0,0.5
broad,1,full_minus_repollution_core,logistic_balanced,19,540,0.147982062780269,0.21481481481481482,0.49788540540220927,0.7725886467143787,0.5205479452054794,0.4318181818181818,0.6551724137931034,0.709661678594665
broad,1,full_minus_repollution_core,random_forest_balanced,19,540,0.147982062780269,0.21481481481481482,0.5936571339633696,0.8147466655823031,0.5271966527196653,0.5121951219512195,0.5431034482758621,0.700797007156799
broad,1,full_minus_repollution_core,extra_trees_balanced,19,540,0.147982062780269,0.21481481481481482,0.5469794535555688,0.7960108978529603,0.5255474452554745,0.45569620253164556,0.6206896551724138,0.7089297332465843
broad,2,full_minus_repollution_core,baseline_all_negative,19,552,0.1251448435689455,0.2717391304347826,0.2717391304347826,0.5,0.0,0.0,0.0,0.5
broad,2,full_minus_repollution_core,logistic_balanced,19,552,0.1251448435689455,0.2717391304347826,0.5749265866429878,0.7960364842454395,0.5779036827195467,0.5024630541871922,0.68,0.7143781094527364
broad,2,full_minus_repollution_core,random_forest_balanced,19,552,0.1251448435689455,0.2717391304347826,0.6059200156730931,0.8208789386401328,0.6075949367088608,0.5783132530120482,0.64,0.7329353233830846
broad,2,full_minus_repollution_core,extra_trees_balanced,19,552,0.1251448435689455,0.2717391304347826,0.5896223293762215,0.8029021558872306,0.5930232558139535,0.5257731958762887,0.68,0.7255721393034826
broad,3,full_minus_repollution_core,baseline_all_negative,19,549,0.13756187540861115,0.22768670309653916,0.22768670309653916,0.5,0.0,0.0,0.0,0.5
broad,3,full_minus_repollution_core,logistic_balanced,19,549,0.13756187540861115,0.22768670309653916,0.5567864807775043,0.7865283018867926,0.5415384615384615,0.44,0.704,0.7199245283018867
broad,3,full_minus_repollution_core,random_forest_balanced,19,549,0.13756187540861115,0.22768670309653916,0.5840990283808135,0.8141698113207546,0.5567765567765568,0.5135135135135135,0.608,0.7190943396226415
broad,3,full_minus_repollution_core,extra_trees_balanced,19,549,0.13756187540861115,0.22768670309653916,0.5495644828986815,0.8052641509433962,0.5886287625418061,0.5057471264367817,0.704,0.7505849056603773
broad,4,full_minus_repollution_core,baseline_all_negative,19,537,0.147711928972301,0.21601489757914338,0.21601489757914338,0.5,0.0,0.0,0.0,0.5
broad,4,full_minus_repollution_core,logistic_balanced,19,537,0.147711928972301,0.21601489757914338,0.5852576890333957,0.8278933573593251,0.6027397260273972,0.5,0.7586206896551724,0.7747972806945695
broad,4,full_minus_repollution_core,random_forest_balanced,19,537,0.147711928972301,0.21601489757914338,0.6221669268957312,0.8525063477762306,0.5909090909090909,0.527027027027027,0.6724137931034483,0.7530715046277336
broad,4,full_minus_repollution_core,extra_trees_balanced,19,537,0.147711928972301,0.21601489757914338,0.5933598837903531,0.8434966008682121,0.5894736842105263,0.4970414201183432,0.7241379310344828,0.7611188467523957
broad,5,full_minus_repollution_core,baseline_all_negative,19,556,0.1330998248686515,0.24820143884892087,0.24820143884892087,0.5,0.0,0.0,0.0,0.5
broad,5,full_minus_repollution_core,logistic_balanced,19,556,0.1330998248686515,0.24820143884892087,0.5079077394711622,0.7807190902156578,0.5558912386706949,0.47668393782383417,0.6666666666666666,0.7125199362041468
broad,5,full_minus_repollution_core,random_forest_balanced,19,556,0.1330998248686515,0.24820143884892087,0.5867836771432843,0.8109701130296094,0.576271186440678,0.5414012738853503,0.6159420289855072,0.721846612578878
broad,5,full_minus_repollution_core,extra_trees_balanced,19,556,0.1330998248686515,0.24820143884892087,0.582329313375649,0.8126170168504265,0.6,0.5274725274725275,0.6956521739130435,0.7449552735593925
broad,1,full_minus_size,baseline_all_negative,19,540,0.147982062780269,0.21481481481481482,0.21481481481481482,0.5,0.0,0.0,0.0,0.5
broad,1,full_minus_size,logistic_balanced,19,540,0.147982062780269,0.21481481481481482,0.7427481815326777,0.8583685751463891,0.6566037735849056,0.5838926174496645,0.75,0.8018867924528301
broad,1,full_minus_size,random_forest_balanced,19,540,0.147982062780269,0.21481481481481482,0.6940217945481906,0.8666537898503579,0.6506024096385542,0.6090225563909775,0.6982758620689655,0.7878171763175017
broad,1,full_minus_size,extra_trees_balanced,19,540,0.147982062780269,0.21481481481481482,0.6132538067667362,0.830808799609629,0.6220472440944882,0.572463768115942,0.6810344827586207,0.7709417696811971
broad,2,full_minus_size,baseline_all_negative,19,552,0.1251448435689455,0.2717391304347826,0.2717391304347826,0.5,0.0,0.0,0.0,0.5
broad,2,full_minus_size,logistic_balanced,19,552,0.1251448435689455,0.2717391304347826,0.7398973234498928,0.8714096185737976,0.6932515337423313,0.6420454545454546,0.7533333333333333,0.7983084577114428
broad,2,full_minus_size,random_forest_balanced,19,552,0.1251448435689455,0.2717391304347826,0.6905067180389716,0.8650248756218906,0.6808510638297872,0.6256983240223464,0.7466666666666667,0.79
broad,2,full_minus_size,extra_trees_balanced,19,552,0.1251448435689455,0.2717391304347826,0.6424947104115843,0.840273631840796,0.641399416909621,0.5699481865284974,0.7333333333333333,0.7634328358208955
broad,3,full_minus_size,baseline_all_negative,19,549,0.13756187540861115,0.22768670309653916,0.22768670309653916,0.5,0.0,0.0,0.0,0.5
broad,3,full_minus_size,logistic_balanced,19,549,0.13756187540861115,0.22768670309653916,0.7417150965566265,0.8646792452830189,0.6258503401360545,0.5443786982248521,0.736,0.7771981132075472
broad,3,full_minus_size,random_forest_balanced,19,549,0.13756187540861115,0.22768670309653916,0.689184915189313,0.8575849056603774,0.64,0.5866666666666667,0.704,0.7788867924528302
broad,3,full_minus_size,extra_trees_balanced,19,549,0.13756187540861115,0.22768670309653916,0.6197623845022308,0.8345849056603775,0.6206896551724138,0.5454545454545454,0.72,0.7715566037735848
broad,4,full_minus_size,baseline_all_negative,19,537,0.147711928972301,0.21601489757914338,0.21601489757914338,0.5,0.0,0.0,0.0,0.5
broad,4,full_minus_size,logistic_balanced,19,537,0.147711928972301,0.21601489757914338,0.7640801871556582,0.910987795888279,0.7037037037037037,0.6168831168831169,0.8189655172413793,0.8394114997133262
broad,4,full_minus_size,random_forest_balanced,19,537,0.147711928972301,0.21601489757914338,0.7363391534892901,0.9051928904906217,0.6691176470588235,0.5833333333333334,0.7844827586206896,0.8150442296666394
broad,4,full_minus_size,extra_trees_balanced,19,537,0.147711928972301,0.21601489757914338,0.6593449089754394,0.8800065525432058,0.6423357664233577,0.5569620253164557,0.7586206896551724,0.7961749529035957
broad,5,full_minus_size,baseline_all_negative,19,556,0.1330998248686515,0.24820143884892087,0.24820143884892087,0.5,0.0,0.0,0.0,0.5
broad,5,full_minus_size,logistic_balanced,19,556,0.1330998248686515,0.24820143884892087,0.7134641877854557,0.8689757991817488,0.6775244299674267,0.6153846153846154,0.7536231884057971,0.7990603980306498
broad,5,full_minus_size,random_forest_balanced,19,556,0.1330998248686515,0.24820143884892087,0.679270568433553,0.8691318216489841,0.6959459459459459,0.6518987341772152,0.7463768115942029,0.8073989321128909
broad,5,full_minus_size,extra_trees_balanced,19,556,0.1330998248686515,0.24820143884892087,0.6421124614417931,0.8488315650787048,0.6772151898734177,0.601123595505618,0.7753623188405797,0.8027529297552181
broad,1,full_minus_wind_direction,baseline_all_negative,20,540,0.147982062780269,0.21481481481481482,0.21481481481481482,0.5,0.0,0.0,0.0,0.5
broad,1,full_minus_wind_direction,logistic_balanced,20,540,0.147982062780269,0.21481481481481482,0.743784679611491,0.8614183474300585,0.664179104477612,0.5855263157894737,0.7672413793103449,0.8093282368249837
broad,1,full_minus_wind_direction,random_forest_balanced,20,540,0.147982062780269,0.21481481481481482,0.7139661273234615,0.8686158100195185,0.6345381526104418,0.5939849624060151,0.6810344827586207,0.7768379960962914
broad,1,full_minus_wind_direction,extra_trees_balanced,20,540,0.147982062780269,0.21481481481481482,0.6286205104787224,0.8362983897202342,0.6153846153846154,0.5555555555555556,0.6896551724137931,0.769355888093689
broad,2,full_minus_wind_direction,baseline_all_negative,20,552,0.1251448435689455,0.2717391304347826,0.2717391304347826,0.5,0.0,0.0,0.0,0.5
broad,2,full_minus_wind_direction,logistic_balanced,20,552,0.1251448435689455,0.2717391304347826,0.7427140882212052,0.874195688225539,0.6867469879518072,0.6263736263736264,0.76,0.7954228855721392
broad,2,full_minus_wind_direction,random_forest_balanced,20,552,0.1251448435689455,0.2717391304347826,0.6997441197914607,0.8731343283582089,0.6875,0.6470588235294118,0.7333333333333333,0.7920398009950249
broad,2,full_minus_wind_direction,extra_trees_balanced,20,552,0.1251448435689455,0.2717391304347826,0.6611683113440431,0.846575456053068,0.653179190751445,0.576530612244898,0.7533333333333333,0.7734328358208955
broad,3,full_minus_wind_direction,baseline_all_negative,20,549,0.13756187540861115,0.22768670309653916,0.22768670309653916,0.5,0.0,0.0,0.0,0.5
broad,3,full_minus_wind_direction,logistic_balanced,20,549,0.13756187540861115,0.22768670309653916,0.7497859855670534,0.8686981132075472,0.6531986531986532,0.563953488372093,0.776,0.7995566037735848
broad,3,full_minus_wind_direction,random_forest_balanced,20,549,0.13756187540861115,0.22768670309653916,0.7148355555408928,0.8670188679245282,0.6618705035971223,0.6013071895424836,0.736,0.796066037735849
broad,3,full_minus_wind_direction,extra_trees_balanced,20,549,0.13756187540861115,0.22768670309653916,0.6426332318655001,0.8410188679245283,0.6283783783783784,0.543859649122807,0.744,0.7800188679245283
broad,4,full_minus_wind_direction,baseline_all_negative,20,537,0.147711928972301,0.21601489757914338,0.21601489757914338,0.5,0.0,0.0,0.0,0.5
broad,4,full_minus_wind_direction,logistic_balanced,20,537,0.147711928972301,0.21601489757914338,0.7609430430240183,0.9114997133262347,0.6813186813186813,0.5923566878980892,0.8017241379310345,0.8248525677778689
broad,4,full_minus_wind_direction,random_forest_balanced,20,537,0.147711928972301,0.21601489757914338,0.7296981732779974,0.9002784830862479,0.6614785992217899,0.6028368794326241,0.7327586206896551,0.7998709968056352
broad,4,full_minus_wind_direction,extra_trees_balanced,20,537,0.147711928972301,0.21601489757914338,0.675650260468703,0.8849823900401342,0.6618705035971223,0.5679012345679012,0.7931034482758621,0.8134163322139405
broad,5,full_minus_wind_direction,baseline_all_negative,20,556,0.1330998248686515,0.24820143884892087,0.24820143884892087,0.5,0.0,0.0,0.0,0.5
broad,5,full_minus_wind_direction,logistic_balanced,20,556,0.1330998248686515,0.24820143884892087,0.712859705409078,0.8719402260592192,0.6775244299674267,0.6153846153846154,0.7536231884057971,0.7990603980306498
broad,5,full_minus_wind_direction,random_forest_balanced,20,556,0.1330998248686515,0.24820143884892087,0.6885937113066508,0.8644511476319258,0.6872852233676976,0.6535947712418301,0.7246376811594203,0.7989217113931073
broad,5,full_minus_wind_direction,extra_trees_balanced,20,556,0.1330998248686515,0.24820143884892087,0.6487150996340395,0.8498197073711948,0.6752411575562701,0.6069364161849711,0.7608695652173914,0.7990950696900354
broad,1,full_minus_wind_speed,baseline_all_negative,20,540,0.147982062780269,0.21481481481481482,0.21481481481481482,0.5,0.0,0.0,0.0,0.5
broad,1,full_minus_wind_speed,logistic_balanced,20,540,0.147982062780269,0.21481481481481482,0.7395597182921326,0.8585515614834093,0.6616541353383458,0.5866666666666667,0.7586206896551724,0.8061971372804164
broad,1,full_minus_wind_speed,random_forest_balanced,20,540,0.147982062780269,0.21481481481481482,0.7093921679034214,0.868331164606376,0.6456692913385826,0.5942028985507246,0.7068965517241379,0.7874105400130124
broad,1,full_minus_wind_speed,extra_trees_balanced,20,540,0.147982062780269,0.21481481481481482,0.6343766971105886,0.8358002602472349,0.6177606177606177,0.5594405594405595,0.6896551724137931,0.7705351333767079
broad,2,full_minus_wind_speed,baseline_all_negative,20,552,0.1251448435689455,0.2717391304347826,0.2717391304347826,0.5,0.0,0.0,0.0,0.5
broad,2,full_minus_wind_speed,logistic_balanced,20,552,0.1251448435689455,0.2717391304347826,0.739228752345083,0.8688888888888889,0.6909090909090909,0.6333333333333333,0.76,0.797910447761194
broad,2,full_minus_wind_speed,random_forest_balanced,20,552,0.1251448435689455,0.2717391304347826,0.6966363187117761,0.8703482587064677,0.6832298136645962,0.6395348837209303,0.7333333333333333,0.7895522388059701
broad,2,full_minus_wind_speed,extra_trees_balanced,20,552,0.1251448435689455,0.2717391304347826,0.6480806995659985,0.8431011608623549,0.6548672566371682,0.5873015873015873,0.74,0.7729850746268656
broad,3,full_minus_wind_speed,baseline_all_negative,20,549,0.13756187540861115,0.22768670309653916,0.22768670309653916,0.5,0.0,0.0,0.0,0.5
broad,3,full_minus_wind_speed,logistic_balanced,20,549,0.13756187540861115,0.22768670309653916,0.7430908177171877,0.8661509433962264,0.6351351351351351,0.5497076023391813,0.752,0.7851981132075472
broad,3,full_minus_wind_speed,random_forest_balanced,20,549,0.13756187540861115,0.22768670309653916,0.7004378810801067,0.8647075471698114,0.6402877697841727,0.5816993464052288,0.712,0.7805283018867925
broad,3,full_minus_wind_speed,extra_trees_balanced,20,549,0.13756187540861115,0.22768670309653916,0.6146168908677065,0.8360188679245285,0.6372881355932203,0.5529411764705883,0.752,0.786377358490566
broad,4,full_minus_wind_speed,baseline_all_negative,20,537,0.147711928972301,0.21601489757914338,0.21601489757914338,0.5,0.0,0.0,0.0,0.5
broad,4,full_minus_wind_speed,logistic_balanced,20,537,0.147711928972301,0.21601489757914338,0.7566205539139118,0.9088377426488655,0.6962962962962963,0.6103896103896104,0.8103448275862069,0.833913506429683
broad,4,full_minus_wind_speed,random_forest_balanced,20,537,0.147711928972301,0.21601489757914338,0.7338306348682543,0.8991727414202637,0.6692015209125475,0.5986394557823129,0.7586206896551724,0.8092390859202228
broad,4,full_minus_wind_speed,extra_trees_balanced,20,537,0.147711928972301,0.21601489757914338,0.673415384758243,0.8828732901957571,0.6423357664233577,0.5569620253164557,0.7586206896551724,0.7961749529035957
broad,5,full_minus_wind_speed,baseline_all_negative,20,556,0.1330998248686515,0.24820143884892087,0.24820143884892087,0.5,0.0,0.0,0.0,0.5
broad,5,full_minus_wind_speed,logistic_balanced,20,556,0.1330998248686515,0.24820143884892087,0.7087892005395189,0.8682130226752652,0.6797385620915033,0.6190476190476191,0.7536231884057971,0.8002565702794535
broad,5,full_minus_wind_speed,random_forest_balanced,20,556,0.1330998248686515,0.24820143884892087,0.6838603550221676,0.864459815546772,0.6756756756756757,0.6329113924050633,0.7246376811594203,0.7929408501490882
broad,5,full_minus_wind_speed,extra_trees_balanced,20,556,0.1330998248686515,0.24820143884892087,0.6447301277765386,0.8479127661049858,0.6773162939297125,0.6057142857142858,0.7681159420289855,0.8015220858470287
