index,scope,feature_set,model,n_features,rows_test_mean,rows_test_std,top25_threshold_train_mean,top25_threshold_train_std,positive_rate_test_mean,positive_rate_test_std,average_precision_mean,average_precision_std,roc_auc_mean,roc_auc_std,f1_mean,f1_std,precision_mean,precision_std,recall_mean,recall_std,balanced_accuracy_mean,balanced_accuracy_std
0,broad,base_11,baseline_all_negative,11,546.8,8.04363102087609,0.13830010711975566,0.009784829286169989,0.23569139695484015,0.02420233289648314,0.23569139695484015,0.02420233289648314,0.5,0.0,0.0,0.0,0.0,0.0,0.0,0.0,0.5,0.0
1,broad,base_11,extra_trees_balanced,11,546.8,8.04363102087609,0.13830010711975566,0.009784829286169989,0.23569139695484015,0.02420233289648314,0.5474107901752143,0.0218738803254202,0.7981619050679079,0.017068471920762402,0.555219913017788,0.027751863954711006,0.48033270178097764,0.025597115899814168,0.6588689655172414,0.04309321380412192,0.7199401653794004,0.020589254373195868
2,broad,base_11,logistic_balanced,11,546.8,8.04363102087609,0.13830010711975566,0.009784829286169989,0.23569139695484015,0.02420233289648314,0.5056215335230037,0.06021834151089205,0.770100167609335,0.02477995150296288,0.5431836054235007,0.039901862289662804,0.4512467532528648,0.03794830827940054,0.6847132433783109,0.060870440280955576,0.7145568967342031,0.03174888870632677
3,broad,base_11,random_forest_balanced,11,546.8,8.04363102087609,0.13830010711975566,0.009784829286169989,0.23569139695484015,0.02420233289648314,0.5510112934608905,0.028233892519857823,0.8029697293154385,0.01896793288167839,0.5613332156767813,0.02238762150034628,0.5073318151007534,0.015359627891088499,0.6287730134932533,0.036847947136157355,0.7201454402220471,0.010315251373863693
4,broad,base_11_plus_all_repollution_specific,baseline_all_negative,15,546.8,8.04363102087609,0.13830010711975566,0.009784829286169989,0.23569139695484015,0.02420233289648314,0.23569139695484015,0.02420233289648314,0.5,0.0,0.0,0.0,0.0,0.0,0.0,0.0,0.5,0.0
5,broad,base_11_plus_all_repollution_specific,extra_trees_balanced,15,546.8,8.04363102087609,0.13830010711975566,0.009784829286169989,0.23569139695484015,0.02420233289648314,0.6446345702038463,0.015955918460208753,0.8507472302550783,0.017091064450865483,0.6423977879498407,0.017224309127138446,0.5660620964913115,0.018188868098182723,0.743392303848076,0.031108831200825818,0.7836777094796977,0.019885428321719013
6,broad,base_11_plus_all_repollution_specific,logistic_balanced,15,546.8,8.04363102087609,0.13830010711975566,0.009784829286169989,0.23569139695484015,0.02420233289648314,0.7371739357691183,0.01972811971791095,0.8721752833516134,0.021932568764535178,0.6789812723588177,0.021274891144172567,0.6009615822562621,0.027422860566524352,0.7810954522738631,0.0230851274884516,0.810817550995685,0.01715728668776832
7,broad,base_11_plus_all_repollution_specific,random_forest_balanced,15,546.8,8.04363102087609,0.13830010711975566,0.009784829286169989,0.23569139695484015,0.02420233289648314,0.7101529031980484,0.01930452769724212,0.8743208417318058,0.01265285647134275,0.666897138482452,0.024870299558819108,0.6030629728512796,0.03495981156562714,0.7466188905547226,0.01264837648778948,0.7978870206418701,0.007460349196904282
8,broad,base_11_plus_demographics,baseline_all_negative,17,546.8,8.04363102087609,0.13830010711975566,0.009784829286169989,0.23569139695484015,0.02420233289648314,0.23569139695484015,0.02420233289648314,0.5,0.0,0.0,0.0,0.0,0.0,0.0,0.0,0.5,0.0
9,broad,base_11_plus_demographics,extra_trees_balanced,17,546.8,8.04363102087609,0.13830010711975566,0.009784829286169989,0.23569139695484015,0.02420233289648314,0.560208890741166,0.027222944124192402,0.8056034189420878,0.018843382870602603,0.572291292399551,0.03104110889776029,0.49373959150564134,0.023985146758068166,0.6817771114442779,0.052885922039989056,0.7335538724567665,0.024105073592580555
10,broad,base_11_plus_demographics,logistic_balanced,17,546.8,8.04363102087609,0.13830010711975566,0.009784829286169989,0.23569139695484015,0.02420233289648314,0.5233831400830515,0.060420756306328115,0.7819098160861037,0.0280204647148909,0.5474162172726781,0.03817768068362228,0.4556067553052042,0.0351638654962122,0.6870702648675662,0.054236418831584386,0.7173727610545458,0.029968595550206138
11,broad,base_11_plus_demographics,random_forest_balanced,17,546.8,8.04363102087609,0.13830010711975566,0.009784829286169989,0.23569139695484015,0.02420233289648314,0.5642239781451037,0.03687252071808465,0.8073370372036361,0.023321522051320764,0.5676267343075393,0.034244121038918586,0.5233926173094036,0.029441960541880655,0.6209749125437282,0.04861401456943087,0.7235418452430276,0.023630350395734464
12,broad,base_11_plus_repollution_core,baseline_all_negative,13,546.8,8.04363102087609,0.13830010711975566,0.009784829286169989,0.23569139695484015,0.02420233289648314,0.23569139695484015,0.02420233289648314,0.5,0.0,0.0,0.0,0.0,0.0,0.0,0.0,0.5,0.0
13,broad,base_11_plus_repollution_core,extra_trees_balanced,13,546.8,8.04363102087609,0.13830010711975566,0.009784829286169989,0.23569139695484015,0.02420233289648314,0.637988379071061,0.01762272663609162,0.8484154487454425,0.01800605537126503,0.6389769135055152,0.017868135533747612,0.5658007719750344,0.016674444205264503,0.7353029485257372,0.04075310020623937,0.7806599832707997,0.018834084781678646
14,broad,base_11_plus_repollution_core,logistic_balanced,13,546.8,8.04363102087609,0.13830010711975566,0.009784829286169989,0.23569139695484015,0.02420233289648314,0.7407746305318248,0.021654649821556616,0.872946039697629,0.022785582286264577,0.6802930954412484,0.02856472101348483,0.6040008695434961,0.03299175376565052,0.779735532233883,0.03492417955454162,0.8113511261281806,0.022620780037890465
15,broad,base_11_plus_repollution_core,random_forest_balanced,13,546.8,8.04363102087609,0.13830010711975566,0.009784829286169989,0.23569139695484015,0.02420233289648314,0.7086783857474671,0.02193548732301134,0.8745306120624752,0.016677151035610592,0.6653479085243443,0.024205293324565433,0.5976536450264173,0.031332319204577665,0.7516139930034982,0.031053347222942933,0.7979351691256074,0.014261250919375433
16,broad,base_11_plus_size,baseline_all_negative,13,546.8,8.04363102087609,0.13830010711975566,0.009784829286169989,0.23569139695484015,0.02420233289648314,0.23569139695484015,0.02420233289648314,0.5,0.0,0.0,0.0,0.0,0.0,0.0,0.0,0.5,0.0
17,broad,base_11_plus_size,extra_trees_balanced,13,546.8,8.04363102087609,0.13830010711975566,0.009784829286169989,0.23569139695484015,0.02420233289648314,0.5613763119160218,0.015363957594397692,0.806004471509367,0.014494310216417422,0.5699337352701352,0.020050450327747712,0.49546970479702346,0.023181676884350286,0.6717215392303848,0.02892210221753113,0.730665654825039,0.015691327881836307
18,broad,base_11_plus_size,logistic_balanced,13,546.8,8.04363102087609,0.13830010711975566,0.009784829286169989,0.23569139695484015,0.02420233289648314,0.5320583017822931,0.03979128463958991,0.7840279905323043,0.017477556694445954,0.5576991268027045,0.04208373073984022,0.47003895549259356,0.042437725192892656,0.6873983008495752,0.05240861363412752,0.7245375259873303,0.031469776886098505
19,broad,base_11_plus_size,random_forest_balanced,13,546.8,8.04363102087609,0.13830010711975566,0.009784829286169989,0.23569139695484015,0.02420233289648314,0.5846739280117107,0.017531918386580664,0.8169296279088645,0.01525001800097661,0.5744662947684951,0.013252830327589796,0.5240669830907684,0.01633513644124201,0.6365815092453773,0.028427385421966093,0.7293832955839709,0.014081316310909123
20,broad,full_base_demo_repollution,baseline_all_negative,21,546.8,8.04363102087609,0.13830010711975566,0.009784829286169989,0.23569139695484015,0.02420233289648314,0.23569139695484015,0.02420233289648314,0.5,0.0,0.0,0.0,0.0,0.0,0.0,0.0,0.5,0.0
21,broad,full_base_demo_repollution,extra_trees_balanced,21,546.8,8.04363102087609,0.13830010711975566,0.009784829286169989,0.23569139695484015,0.02420233289648314,0.642414026925984,0.018559688387840778,0.8501776882678342,0.019063011554868378,0.648092368770684,0.02698615996778281,0.5751137927674389,0.026964432170667373,0.7432517741129435,0.038654377609158574,0.7870087432480023,0.018553097772222086
22,broad,full_base_demo_repollution,logistic_balanced,21,546.8,8.04363102087609,0.13830010711975566,0.009784829286169989,0.23569139695484015,0.02420233289648314,0.7373700650468525,0.017528611210318554,0.8738914617920222,0.02012216144122728,0.6717071856741856,0.026764522479431355,0.5992022313372334,0.03497081111489375,0.7653177411294353,0.0259411643639109,0.8039159032884976,0.01862301672994636
23,broad,full_base_demo_repollution,random_forest_balanced,21,546.8,8.04363102087609,0.13830010711975566,0.009784829286169989,0.23569139695484015,0.02420233289648314,0.7019022578528465,0.01810883185264728,0.8730321845192497,0.01401813310906586,0.6614635870979281,0.021004969390791817,0.6082125067343022,0.02708198702428766,0.7255788105947026,0.022562223275142956,0.7909209849424338,0.012919102122394156
24,broad,full_minus_demographics,baseline_all_negative,15,546.8,8.04363102087609,0.13830010711975566,0.009784829286169989,0.23569139695484015,0.02420233289648314,0.23569139695484015,0.02420233289648314,0.5,0.0,0.0,0.0,0.0,0.0,0.0,0.0,0.5,0.0
25,broad,full_minus_demographics,extra_trees_balanced,15,546.8,8.04363102087609,0.13830010711975566,0.009784829286169989,0.23569139695484015,0.02420233289648314,0.6446345702038463,0.015955918460208753,0.8507472302550783,0.017091064450865483,0.6423977879498407,0.017224309127138446,0.5660620964913115,0.018188868098182723,0.743392303848076,0.031108831200825818,0.7836777094796977,0.019885428321719013
26,broad,full_minus_demographics,logistic_balanced,15,546.8,8.04363102087609,0.13830010711975566,0.009784829286169989,0.23569139695484015,0.02420233289648314,0.7371739357691183,0.01972811971791095,0.8721752833516134,0.021932568764535178,0.6789812723588177,0.021274891144172567,0.6009615822562621,0.027422860566524352,0.7810954522738631,0.0230851274884516,0.810817550995685,0.01715728668776832
27,broad,full_minus_demographics,random_forest_balanced,15,546.8,8.04363102087609,0.13830010711975566,0.009784829286169989,0.23569139695484015,0.02420233289648314,0.7101529031980484,0.01930452769724212,0.8743208417318058,0.01265285647134275,0.666897138482452,0.024870299558819108,0.6030629728512796,0.03495981156562714,0.7466188905547226,0.01264837648778948,0.7978870206418701,0.007460349196904282
28,broad,full_minus_repollution_core,baseline_all_negative,19,546.8,8.04363102087609,0.13830010711975566,0.009784829286169989,0.23569139695484015,0.02420233289648314,0.23569139695484015,0.02420233289648314,0.5,0.0,0.0,0.0,0.0,0.0,0.0,0.0,0.5,0.0
29,broad,full_minus_repollution_core,extra_trees_balanced,19,546.8,8.04363102087609,0.13830010711975566,0.009784829286169989,0.23569139695484015,0.02420233289648314,0.5723710925992948,0.02237284887083576,0.8120581644804451,0.01854854089944349,0.5793346295643521,0.030400158538409404,0.5023460944871173,0.029137972312805925,0.684895952023988,0.0392651651488636,0.7382321797044465,0.020859646146677194
30,broad,full_minus_repollution_core,logistic_balanced,19,546.8,8.04363102087609,0.13830010711975566,0.009784829286169989,0.23569139695484015,0.02420233289648314,0.5445527802654518,0.03952791428638382,0.7927531760843187,0.0214230540464105,0.5597242108323159,0.03186306908880574,0.4701930347658417,0.033000719081403194,0.6928919540229884,0.0409889840806019,0.7262563066496008,0.027392876356011394
31,broad,full_minus_repollution_core,random_forest_balanced,19,546.8,8.04363102087609,0.13830010711975566,0.009784829286169989,0.23569139695484015,0.02420233289648314,0.5985253564112584,0.01567873083867945,0.8226543752698061,0.017068495245300398,0.5717496847109704,0.031151148190344306,0.5344900378778317,0.02720759888979644,0.6158918540729635,0.04779217558481573,0.7255489574738274,0.019235887664773077
32,broad,full_minus_size,baseline_all_negative,19,546.8,8.04363102087609,0.13830010711975566,0.009784829286169989,0.23569139695484015,0.02420233289648314,0.23569139695484015,0.02420233289648314,0.5,0.0,0.0,0.0,0.0,0.0,0.0,0.0,0.5,0.0
33,broad,full_minus_size,extra_trees_balanced,19,546.8,8.04363102087609,0.13830010711975566,0.009784829286169989,0.23569139695484015,0.02420233289648314,0.6353936544195568,0.018733255270527924,0.8469010909465426,0.019712126931008024,0.6407374544946597,0.02283011276850516,0.5691904241842117,0.020880266358732445,0.7336701649175412,0.03646322217025424,0.7809718183868982,0.017337936470900938
34,broad,full_minus_size,logistic_balanced,19,546.8,8.04363102087609,0.13830010711975566,0.009784829286169989,0.23569139695484015,0.02420233289648314,0.7403809952960622,0.017984601445875985,0.8748842068146466,0.0207807514148382,0.6713867562268844,0.031033153220205806,0.6005169004975407,0.037554584697871984,0.762384407796102,0.03244076675806711,0.8031730522231593,0.022528621805548314
35,broad,full_minus_size,random_forest_balanced,19,546.8,8.04363102087609,0.13830010711975566,0.009784829286169989,0.23569139695484015,0.02420233289648314,0.6978646299398636,0.022193871818564838,0.8727176566544463,0.018657763388746088,0.6673034132946222,0.02253677470554084,0.6113239229181078,0.02850301911579911,0.735960419790105,0.035422932648871856,0.7958294261099724,0.014902125147286638
36,broad,full_minus_wind_direction,baseline_all_negative,20,546.8,8.04363102087609,0.13830010711975566,0.009784829286169989,0.23569139695484015,0.02420233289648314,0.23569139695484015,0.02420233289648314,0.5,0.0,0.0,0.0,0.0,0.0,0.0,0.0,0.5,0.0
37,broad,full_minus_wind_direction,extra_trees_balanced,20,546.8,8.04363102087609,0.13830010711975566,0.009784829286169989,0.23569139695484015,0.02420233289648314,0.6513574827582016,0.01793360014807444,0.8517389622218319,0.01929250197076191,0.6468107691335663,0.024510179264370588,0.5701566935352266,0.023995779359051214,0.748192303848076,0.03757767023751199,0.7870637987486178,0.018629357214641328
38,broad,full_minus_wind_direction,logistic_balanced,20,546.8,8.04363102087609,0.13830010711975566,0.009784829286169989,0.23569139695484015,0.02420233289648314,0.7420175003665692,0.017834732203589998,0.8775504176497197,0.019582454644604747,0.672593571382836,0.013672291459544215,0.5967189467635795,0.024726942603065336,0.7717177411294353,0.018731508886298664,0.8056441383958453,0.011910227378385865
39,broad,full_minus_wind_direction,random_forest_balanced,20,546.8,8.04363102087609,0.13830010711975566,0.009784829286169989,0.23569139695484015,0.02420233289648314,0.7093675374480927,0.01572055202515221,0.8746997274040857,0.014643823415128415,0.6665344957594103,0.022029672897770594,0.6197565252304729,0.0282013662665354,0.7215528235882058,0.023045191985664282,0.7927473086051815,0.009400677341706895
40,broad,full_minus_wind_speed,baseline_all_negative,20,546.8,8.04363102087609,0.13830010711975566,0.009784829286169989,0.23569139695484015,0.02420233289648314,0.23569139695484015,0.02420233289648314,0.5,0.0,0.0,0.0,0.0,0.0,0.0,0.0,0.5,0.0
41,broad,full_minus_wind_speed,extra_trees_balanced,20,546.8,8.04363102087609,0.13830010711975566,0.009784829286169989,0.23569139695484015,0.02420233289648314,0.6430439600158151,0.021411766943192176,0.8491412690669723,0.019532161325333437,0.6459136140688153,0.022057238559735102,0.5724719268486953,0.023004331355715852,0.7416783608195903,0.03082918045007334,0.7855189210489527,0.013711312960673117
42,broad,full_minus_wind_speed,logistic_balanced,20,546.8,8.04363102087609,0.13830010711975566,0.009784829286169989,0.23569139695484015,0.02420233289648314,0.7374578085615668,0.01752416156273802,0.8741284318185312,0.019833433544937263,0.6727466439540744,0.02485466187207632,0.5998289663552822,0.032744555594235066,0.7669177411294352,0.024504551496358787,0.8046951549916589,0.018040481814058984
43,broad,full_minus_wind_speed,random_forest_balanced,20,546.8,8.04363102087609,0.13830010711975566,0.009784829286169989,0.23569139695484015,0.02420233289648314,0.7048314715171452,0.01862795828901956,0.8734039054899382,0.014617848469291053,0.662812814275115,0.018870616364957623,0.609397595372852,0.025372052413460657,0.7270976511744127,0.020461308789428246,0.7919342033550172,0.010685319038418269
44,strict,base_11,baseline_all_negative,11,373.0,4.06201920231798,0.08356643945858648,0.0035548071224864664,0.23483238064017714,0.015298888549094562,0.23483238064017714,0.015298888549094562,0.5,0.0,0.0,0.0,0.0,0.0,0.0,0.0,0.5,0.0
45,strict,base_11,extra_trees_balanced,11,373.0,4.06201920231798,0.08356643945858648,0.0035548071224864664,0.23483238064017714,0.015298888549094562,0.5968838552364726,0.02541684323433396,0.7971857098206645,0.015834181734451516,0.5278946324334125,0.03698125310596282,0.45697268661850704,0.035122827092298685,0.6285777619107106,0.06481942857900279,0.6997591379085015,0.026716141797067067
46,strict,base_11,logistic_balanced,11,373.0,4.06201920231798,0.08356643945858648,0.0035548071224864664,0.23483238064017714,0.015298888549094562,0.5282302177504141,0.017670543790744647,0.7666344565145009,0.025520895819133558,0.5261389136744086,0.01993162405533992,0.4376780270001633,0.02901866457930103,0.663349430797146,0.04300552237256183,0.7006354377183148,0.01699481765774838
47,strict,base_11,random_forest_balanced,11,373.0,4.06201920231798,0.08356643945858648,0.0035548071224864664,0.23483238064017714,0.015298888549094562,0.6110004928041401,0.02043091774098051,0.8107728673478556,0.018981158037436996,0.5770446131217513,0.02256657320642208,0.5484444563403865,0.03078494009681615,0.6123510674583572,0.05365142521667225,0.7282946612638491,0.018430538952606892
48,strict,base_11_plus_all_repollution_specific,baseline_all_negative,15,373.0,4.06201920231798,0.08356643945858648,0.0035548071224864664,0.23483238064017714,0.015298888549094562,0.23483238064017714,0.015298888549094562,0.5,0.0,0.0,0.0,0.0,0.0,0.0,0.0,0.5,0.0
49,strict,base_11_plus_all_repollution_specific,extra_trees_balanced,15,373.0,4.06201920231798,0.08356643945858648,0.0035548071224864664,0.23483238064017714,0.015298888549094562,0.684053261835694,0.03193569041292326,0.8568793176703229,0.011522020267036293,0.6215193203414684,0.0182708480069379,0.5619417175656781,0.03501536581241275,0.6998949856615119,0.05155528860906602,0.7658637666944715,0.01507665446546725
50,strict,base_11_plus_all_repollution_specific,logistic_balanced,15,373.0,4.06201920231798,0.08356643945858648,0.0035548071224864664,0.23483238064017714,0.015298888549094562,0.7994337507110524,0.01405345357185626,0.8909442680201376,0.022398207169460525,0.7181852420199603,0.04113611697737889,0.6503216756514096,0.0562189746511775,0.8039602325638582,0.02705913207198532,0.8354429759095524,0.022825202808367435
51,strict,base_11_plus_all_repollution_specific,random_forest_balanced,15,373.0,4.06201920231798,0.08356643945858648,0.0035548071224864664,0.23483238064017714,0.015298888549094562,0.7453501636650094,0.028689269445118307,0.891646230405202,0.011418833534677611,0.6917673845494482,0.04324378482756581,0.6578343026443331,0.054120812757884725,0.7317000273164386,0.04710599799294683,0.8074483268031521,0.02435467600258056
52,strict,base_11_plus_demographics,baseline_all_negative,17,373.0,4.06201920231798,0.08356643945858648,0.0035548071224864664,0.23483238064017714,0.015298888549094562,0.23483238064017714,0.015298888549094562,0.5,0.0,0.0,0.0,0.0,0.0,0.0,0.0,0.5,0.0
53,strict,base_11_plus_demographics,extra_trees_balanced,17,373.0,4.06201920231798,0.08356643945858648,0.0035548071224864664,0.23483238064017714,0.015298888549094562,0.6063172107639706,0.024198389575579324,0.808617012817843,0.01739057859944671,0.5600422498379002,0.03928587112309073,0.4926942554002364,0.04676834331500322,0.6539685740473824,0.06266318874957216,0.7234149215775962,0.026313188806827405
54,strict,base_11_plus_demographics,logistic_balanced,17,373.0,4.06201920231798,0.08356643945858648,0.0035548071224864664,0.23483238064017714,0.015298888549094562,0.5508871404904191,0.015602809612257683,0.7827565183596329,0.02531612053667453,0.5557560606841572,0.01502585754466356,0.4643015176159128,0.0236172860632443,0.6957366698140108,0.04757664644173322,0.7245675857158893,0.01903073070617168
55,strict,base_11_plus_demographics,random_forest_balanced,17,373.0,4.06201920231798,0.08356643945858648,0.0035548071224864664,0.23483238064017714,0.015298888549094562,0.6212319392539648,0.031103293547087896,0.8206966819949983,0.020744861428249176,0.587352863476386,0.0245053371731881,0.564577930008438,0.03063443720479544,0.615087079690936,0.050303266072313085,0.7346435005515788,0.019698020615383855
56,strict,base_11_plus_repollution_core,baseline_all_negative,13,373.0,4.06201920231798,0.08356643945858648,0.0035548071224864664,0.23483238064017714,0.015298888549094562,0.23483238064017714,0.015298888549094562,0.5,0.0,0.0,0.0,0.0,0.0,0.0,0.0,0.5,0.0
57,strict,base_11_plus_repollution_core,extra_trees_balanced,13,373.0,4.06201920231798,0.08356643945858648,0.0035548071224864664,0.23483238064017714,0.015298888549094562,0.6817550671897015,0.03185667188340652,0.8524014256499383,0.012807970151268278,0.6250521651814253,0.02580457447471034,0.5649355528291532,0.02464105656044053,0.702871064084844,0.061983074301630574,0.7684040532078659,0.02645103672871938
58,strict,base_11_plus_repollution_core,logistic_balanced,13,373.0,4.06201920231798,0.08356643945858648,0.0035548071224864664,0.23483238064017714,0.015298888549094562,0.7974850651569086,0.01466191200317459,0.8903440926962393,0.02185979618116949,0.7156893002113194,0.03590352090837234,0.6476235879039617,0.048516529564150916,0.8013961299997554,0.027224000069233544,0.8338133168779663,0.01934043789046821
59,strict,base_11_plus_repollution_core,random_forest_balanced,13,373.0,4.06201920231798,0.08356643945858648,0.0035548071224864664,0.23483238064017714,0.015298888549094562,0.7561955551473923,0.029345798992733853,0.8932520120256797,0.012813884016965642,0.707401956677099,0.03559533498190313,0.6670325577604824,0.04640046684166152,0.7546896730686619,0.03821233033975817,0.8195867601747089,0.019192221125121423
60,strict,base_11_plus_size,baseline_all_negative,13,373.0,4.06201920231798,0.08356643945858648,0.0035548071224864664,0.23483238064017714,0.015298888549094562,0.23483238064017714,0.015298888549094562,0.5,0.0,0.0,0.0,0.0,0.0,0.0,0.0,0.5,0.0
61,strict,base_11_plus_size,extra_trees_balanced,13,373.0,4.06201920231798,0.08356643945858648,0.0035548071224864664,0.23483238064017714,0.015298888549094562,0.6019738003422146,0.02211356578321725,0.8022548112959814,0.01706978019622742,0.5484580716013483,0.03379259456310553,0.47888911985582877,0.032920992973280605,0.6448508034182397,0.06072446990531455,0.7149255653074408,0.026248445286514065
62,strict,base_11_plus_size,logistic_balanced,13,373.0,4.06201920231798,0.08356643945858648,0.0035548071224864664,0.23483238064017714,0.015298888549094562,0.5462681944953653,0.004999867253303799,0.781655188849564,0.016767286545724767,0.5371857212554887,0.01810234605164829,0.44530489380854343,0.021440684559484984,0.6788756505973155,0.03722621795196989,0.7097539379433719,0.016702785073351056
63,strict,base_11_plus_size,random_forest_balanced,13,373.0,4.06201920231798,0.08356643945858648,0.0035548071224864664,0.23483238064017714,0.015298888549094562,0.6331762731695398,0.028898119938825174,0.8322060727841866,0.018212304202947522,0.587619913559869,0.028957304512786785,0.5620382733935329,0.03091489051109654,0.6176979266914719,0.04719542984691981,0.7344493946662364,0.018626231397904393
64,strict,full_base_demo_repollution,baseline_all_negative,21,373.0,4.06201920231798,0.08356643945858648,0.0035548071224864664,0.23483238064017714,0.015298888549094562,0.23483238064017714,0.015298888549094562,0.5,0.0,0.0,0.0,0.0,0.0,0.0,0.0,0.5,0.0
65,strict,full_base_demo_repollution,extra_trees_balanced,21,373.0,4.06201920231798,0.08356643945858648,0.0035548071224864664,0.23483238064017714,0.015298888549094562,0.6810407383074757,0.03492974672441952,0.855430295899357,0.01576939329073575,0.6479335500494677,0.019311602031757184,0.5925676985465653,0.023326408434242493,0.7176451496693528,0.051948690592539516,0.7831337358873393,0.018530893670871056
66,strict,full_base_demo_repollution,logistic_balanced,21,373.0,4.06201920231798,0.08356643945858648,0.0035548071224864664,0.23483238064017714,0.015298888549094562,0.8010067660569309,0.010670145684423735,0.8919455777881466,0.020857958796410607,0.7257746174903333,0.03561241392372935,0.6680628826423218,0.052458135488066,0.796857122907557,0.028996623213795675,0.8375569350155745,0.017446299184705954
67,strict,full_base_demo_repollution,random_forest_balanced,21,373.0,4.06201920231798,0.08356643945858648,0.0035548071224864664,0.23483238064017714,0.015298888549094562,0.7394060805453827,0.0264762116785808,0.8905979007855228,0.011711707832455566,0.677699886344346,0.04304800474001407,0.6638880545634015,0.053839046061245746,0.6959259881635342,0.058482673855626825,0.7937582089427564,0.026606690792642548
68,strict,full_minus_demographics,baseline_all_negative,15,373.0,4.06201920231798,0.08356643945858648,0.0035548071224864664,0.23483238064017714,0.015298888549094562,0.23483238064017714,0.015298888549094562,0.5,0.0,0.0,0.0,0.0,0.0,0.0,0.0,0.5,0.0
69,strict,full_minus_demographics,extra_trees_balanced,15,373.0,4.06201920231798,0.08356643945858648,0.0035548071224864664,0.23483238064017714,0.015298888549094562,0.684053261835694,0.03193569041292326,0.8568793176703229,0.011522020267036293,0.6215193203414684,0.0182708480069379,0.5619417175656781,0.03501536581241275,0.6998949856615119,0.05155528860906602,0.7658637666944715,0.01507665446546725
70,strict,full_minus_demographics,logistic_balanced,15,373.0,4.06201920231798,0.08356643945858648,0.0035548071224864664,0.23483238064017714,0.015298888549094562,0.7994337507110524,0.01405345357185626,0.8909442680201376,0.022398207169460525,0.7181852420199603,0.04113611697737889,0.6503216756514096,0.0562189746511775,0.8039602325638582,0.02705913207198532,0.8354429759095524,0.022825202808367435
71,strict,full_minus_demographics,random_forest_balanced,15,373.0,4.06201920231798,0.08356643945858648,0.0035548071224864664,0.23483238064017714,0.015298888549094562,0.7453501636650094,0.028689269445118307,0.891646230405202,0.011418833534677611,0.6917673845494482,0.04324378482756581,0.6578343026443331,0.054120812757884725,0.7317000273164386,0.04710599799294683,0.8074483268031521,0.02435467600258056
72,strict,full_minus_repollution_core,baseline_all_negative,19,373.0,4.06201920231798,0.08356643945858648,0.0035548071224864664,0.23483238064017714,0.015298888549094562,0.23483238064017714,0.015298888549094562,0.5,0.0,0.0,0.0,0.0,0.0,0.0,0.0,0.5,0.0
73,strict,full_minus_repollution_core,extra_trees_balanced,19,373.0,4.06201920231798,0.08356643945858648,0.0035548071224864664,0.23483238064017714,0.015298888549094562,0.6089153133004002,0.024942594139058014,0.8130291171625027,0.017381332987583768,0.5679751864308888,0.0492076953702533,0.5051572836299748,0.051233658547817376,0.6535146984210929,0.07647422121630694,0.728432490375323,0.03508393894416904
74,strict,full_minus_repollution_core,logistic_balanced,19,373.0,4.06201920231798,0.08356643945858648,0.0035548071224864664,0.23483238064017714,0.015298888549094562,0.5645810971374352,0.0055540819043968254,0.7935399452403477,0.016839030623697425,0.5598687821395554,0.011963805489538893,0.46743636174331876,0.014571171735701305,0.6999403293994703,0.040680584264309476,0.7277097868411563,0.018127228966416917
75,strict,full_minus_repollution_core,random_forest_balanced,19,373.0,4.06201920231798,0.08356643945858648,0.0035548071224864664,0.23483238064017714,0.015298888549094562,0.6340831132344246,0.028618123562047335,0.8382983627274067,0.01679047862900846,0.6009368918688569,0.029535314341373565,0.5919993994194388,0.033272744222956174,0.6116912722463927,0.04255431507830016,0.7410079332006474,0.01921332442227448
76,strict,full_minus_size,baseline_all_negative,19,373.0,4.06201920231798,0.08356643945858648,0.0035548071224864664,0.23483238064017714,0.015298888549094562,0.23483238064017714,0.015298888549094562,0.5,0.0,0.0,0.0,0.0,0.0,0.0,0.0,0.5,0.0
77,strict,full_minus_size,extra_trees_balanced,19,373.0,4.06201920231798,0.08356643945858648,0.0035548071224864664,0.23483238064017714,0.015298888549094562,0.6782225503621523,0.030257031546270897,0.852728529676319,0.01600009130987255,0.6394814535999925,0.020151682276563568,0.5827161428664539,0.02588638696858985,0.7110909799457039,0.04791907144389968,0.7774127018005608,0.018895894317643994
78,strict,full_minus_size,logistic_balanced,19,373.0,4.06201920231798,0.08356643945858648,0.0035548071224864664,0.23483238064017714,0.015298888549094562,0.799543407048715,0.010874857313605261,0.8917583056795619,0.019106539202157307,0.7215386358860195,0.03781366735976366,0.6645507058351094,0.056868275985004456,0.7921653607689862,0.028868889453419203,0.8345532108251307,0.017118236013745528
79,strict,full_minus_size,random_forest_balanced,19,373.0,4.06201920231798,0.08356643945858648,0.0035548071224864664,0.23483238064017714,0.015298888549094562,0.7402276134606397,0.027623354616637206,0.8903430199560904,0.013280953667748223,0.692153609708654,0.023252933866413934,0.6704618331859711,0.01565217135558285,0.7168663246792291,0.04760454516446811,0.8044527701990749,0.019746932547171886
80,strict,full_minus_wind_direction,baseline_all_negative,20,373.0,4.06201920231798,0.08356643945858648,0.0035548071224864664,0.23483238064017714,0.015298888549094562,0.23483238064017714,0.015298888549094562,0.5,0.0,0.0,0.0,0.0,0.0,0.0,0.0,0.5,0.0
81,strict,full_minus_wind_direction,extra_trees_balanced,20,373.0,4.06201920231798,0.08356643945858648,0.0035548071224864664,0.23483238064017714,0.015298888549094562,0.6848906468802406,0.0335943435522822,0.8573523945064156,0.01877446565324408,0.6367526066595125,0.030125596570925763,0.5733839188375512,0.020066339036011488,0.7177212763632344,0.05840395563729715,0.7771933155846195,0.026709985582202955
82,strict,full_minus_wind_direction,logistic_balanced,20,373.0,4.06201920231798,0.08356643945858648,0.0035548071224864664,0.23483238064017714,0.015298888549094562,0.7927281017425706,0.013324993585381336,0.8934317966739108,0.01824594406415241,0.731506910273508,0.023431987257364353,0.6852109248140176,0.03598754242723684,0.7857307224821053,0.024129082199579568,0.837523428970097,0.013012935660350208
83,strict,full_minus_wind_direction,random_forest_balanced,20,373.0,4.06201920231798,0.08356643945858648,0.0035548071224864664,0.23483238064017714,0.015298888549094562,0.7365834094599444,0.032246404858477344,0.8895204228874773,0.01359415067753367,0.6911190038205942,0.05047057029835538,0.6770413018422838,0.05458521147975181,0.7086158189164611,0.06521024702838953,0.8025335010335997,0.03218053126977643
84,strict,full_minus_wind_speed,baseline_all_negative,20,373.0,4.06201920231798,0.08356643945858648,0.0035548071224864664,0.23483238064017714,0.015298888549094562,0.23483238064017714,0.015298888549094562,0.5,0.0,0.0,0.0,0.0,0.0,0.0,0.0,0.5,0.0
85,strict,full_minus_wind_speed,extra_trees_balanced,20,373.0,4.06201920231798,0.08356643945858648,0.0035548071224864664,0.23483238064017714,0.015298888549094562,0.6775758759205125,0.03275798673812642,0.8546575435331436,0.013958368427168482,0.6371744460313262,0.02751235519583512,0.5757613302632919,0.02385317562659558,0.7149348248940194,0.050308174434584005,0.7768746755749005,0.02178270151133406
86,strict,full_minus_wind_speed,logistic_balanced,20,373.0,4.06201920231798,0.08356643945858648,0.0035548071224864664,0.23483238064017714,0.015298888549094562,0.8005263754655385,0.013024348838091209,0.8926048697124074,0.01876502496863054,0.7283468931961394,0.03460149835224199,0.6751964616384948,0.04968648384464745,0.79218329506425,0.023629360132595766,0.83762603308537,0.016960358384146782
87,strict,full_minus_wind_speed,random_forest_balanced,20,373.0,4.06201920231798,0.08356643945858648,0.0035548071224864664,0.23483238064017714,0.015298888549094562,0.7363139432691909,0.030496167922843046,0.8909633355245861,0.011886988488241785,0.6941647764880855,0.04706515918977506,0.6761145135914541,0.04981856615408632,0.7159912150559021,0.06326647390621783,0.8055143441085029,0.030736159862956997
